date,canton,deliveredTotal,deliveredPer100,administeredTotal,administeredPer100,fullyVaccinatedTotal,fullyVaccinatedPer100
2020-12-23,AI,0,0,13,0.08,0,0
2020-12-23,AR,0,0,0,0,0,0
2020-12-23,BE,0,0,0,0,0,0
2020-12-23,FL,0,0,0,0,0,0
2020-12-23,FR,0,0,0,0,0,0
2020-12-23,GE,0,0,0,0,0,0
2020-12-23,GR,0,0,0,0,0,0
2020-12-23,SH,0,0,0,0,0,0
2020-12-23,SO,0,0,0,0,0,0
2020-12-23,UR,0,0,0,0,0,0
2020-12-23,VD,0,0,0,0,0,0
2020-12-23,ZG,0,0,174,0.14,0,0
2020-12-24,AI,0,0,44,0.27,0,0
2020-12-24,AR,0,0,0,0,0,0
2020-12-24,BE,0,0,0,0,0,0
2020-12-24,FL,0,0,0,0,0,0
2020-12-24,FR,0,0,0,0,0,0
2020-12-24,GE,0,0,0,0,0,0
2020-12-24,GR,0,0,0,0,0,0
2020-12-24,SH,0,0,0,0,0,0
2020-12-24,SO,0,0,0,0,0,0
2020-12-24,UR,0,0,0,0,0,0
2020-12-24,VD,0,0,0,0,0,0
2020-12-24,ZG,0,0,239,0.19,0,0
2020-12-25,AI,0,0,44,0.27,0,0
2020-12-25,AR,0,0,0,0,0,0
2020-12-25,BE,0,0,0,0,0,0
2020-12-25,FL,0,0,0,0,0,0
2020-12-25,FR,0,0,0,0,0,0
2020-12-25,GE,0,0,0,0,0,0
2020-12-25,GR,0,0,0,0,0,0
2020-12-25,SH,0,0,0,0,0,0
2020-12-25,SO,0,0,0,0,0,0
2020-12-25,UR,0,0,0,0,0,0
2020-12-25,VD,0,0,0,0,0,0
2020-12-25,ZG,0,0,239,0.19,0,0
2020-12-26,AI,0,0,44,0.27,0,0
2020-12-26,AR,0,0,0,0,0,0
2020-12-26,BE,0,0,0,0,0,0
2020-12-26,FL,0,0,0,0,0,0
2020-12-26,FR,0,0,0,0,0,0
2020-12-26,GE,0,0,0,0,0,0
2020-12-26,GR,0,0,0,0,0,0
2020-12-26,SH,0,0,0,0,0,0
2020-12-26,SO,0,0,0,0,0,0
2020-12-26,UR,0,0,0,0,0,0
2020-12-26,VD,0,0,0,0,0,0
2020-12-26,ZG,0,0,239,0.19,0,0
2020-12-27,AI,0,0,44,0.27,0,0
2020-12-27,AR,0,0,0,0,0,0
2020-12-27,BE,0,0,0,0,0,0
2020-12-27,FL,0,0,0,0,0,0
2020-12-27,FR,0,0,0,0,0,0
2020-12-27,GE,0,0,0,0,0,0
2020-12-27,GR,0,0,0,0,0,0
2020-12-27,SH,0,0,0,0,0,0
2020-12-27,SO,0,0,0,0,0,0
2020-12-27,UR,0,0,0,0,0,0
2020-12-27,VD,0,0,0,0,0,0
2020-12-27,ZG,0,0,239,0.19,0,0
2020-12-28,AI,0,0,44,0.27,0,0
2020-12-28,AR,0,0,0,0,0,0
2020-12-28,BE,0,0,0,0,0,0
2020-12-28,FL,0,0,0,0,0,0
2020-12-28,FR,0,0,134,0.04,0,0
2020-12-28,GE,0,0,16,0,0,0
2020-12-28,GR,0,0,0,0,0,0
2020-12-28,SH,0,0,1,0,0,0
2020-12-28,SO,0,0,0,0,0,0
2020-12-28,UR,0,0,0,0,0,0
2020-12-28,VD,0,0,0,0,0,0
2020-12-28,ZG,0,0,239,0.19,0,0
2020-12-29,AI,0,0,44,0.27,0,0
2020-12-29,AR,0,0,0,0,0,0
2020-12-29,BE,0,0,0,0,0,0
2020-12-29,FL,0,0,0,0,0,0
2020-12-29,FR,0,0,333,0.1,0,0
2020-12-29,GE,0,0,41,0.01,0,0
2020-12-29,GR,0,0,0,0,0,0
2020-12-29,SH,0,0,112,0.14,0,0
2020-12-29,SO,0,0,106,0.04,0,0
2020-12-29,UR,0,0,0,0,0,0
2020-12-29,VD,0,0,10,0,0,0
2020-12-29,ZG,0,0,305,0.24,3,0
2020-12-30,AI,0,0,44,0.27,0,0
2020-12-30,AR,0,0,2,0,1,0
2020-12-30,BE,0,0,0,0,0,0
2020-12-30,FL,0,0,0,0,0,0
2020-12-30,FR,0,0,527,0.16,0,0
2020-12-30,GE,0,0,56,0.01,0,0
2020-12-30,GR,0,0,0,0,0,0
2020-12-30,SH,0,0,112,0.14,0,0
2020-12-30,SO,0,0,130,0.05,0,0
2020-12-30,UR,0,0,0,0,0,0
2020-12-30,VD,0,0,97,0.01,0,0
2020-12-30,ZG,0,0,358,0.28,3,0
2020-12-31,AI,0,0,44,0.27,0,0
2020-12-31,AR,0,0,2,0,1,0
2020-12-31,BE,0,0,0,0,0,0
2020-12-31,FL,0,0,0,0,0,0
2020-12-31,FR,0,0,725,0.23,0,0
2020-12-31,GE,0,0,56,0.01,0,0
2020-12-31,GR,0,0,0,0,0,0
2020-12-31,SH,0,0,112,0.14,0,0
2020-12-31,SO,0,0,130,0.05,0,0
2020-12-31,UR,0,0,0,0,0,0
2020-12-31,VD,0,0,97,0.01,0,0
2020-12-31,ZG,0,0,358,0.28,3,0
2021-01-01,AI,0,0,44,0.27,0,0
2021-01-01,AR,0,0,2,0,1,0
2021-01-01,BE,0,0,0,0,0,0
2021-01-01,FL,0,0,0,0,0,0
2021-01-01,FR,0,0,725,0.23,0,0
2021-01-01,GE,0,0,56,0.01,0,0
2021-01-01,GR,0,0,0,0,0,0
2021-01-01,SH,0,0,112,0.14,0,0
2021-01-01,SO,0,0,130,0.05,0,0
2021-01-01,UR,0,0,0,0,0,0
2021-01-01,VD,0,0,97,0.01,0,0
2021-01-01,ZG,0,0,358,0.28,3,0
2021-01-02,AI,0,0,44,0.27,0,0
2021-01-02,AR,0,0,2,0,1,0
2021-01-02,BE,0,0,0,0,0,0
2021-01-02,FL,0,0,0,0,0,0
2021-01-02,FR,0,0,725,0.23,0,0
2021-01-02,GE,0,0,56,0.01,0,0
2021-01-02,GR,0,0,0,0,0,0
2021-01-02,SH,0,0,112,0.14,0,0
2021-01-02,SO,0,0,130,0.05,0,0
2021-01-02,UR,0,0,0,0,0,0
2021-01-02,VD,0,0,97,0.01,0,0
2021-01-02,ZG,0,0,358,0.28,3,0
2021-01-03,AI,0,0,44,0.27,0,0
2021-01-03,AR,0,0,2,0,1,0
2021-01-03,BE,0,0,0,0,0,0
2021-01-03,FL,0,0,0,0,0,0
2021-01-03,FR,0,0,725,0.23,0,0
2021-01-03,GE,0,0,56,0.01,0,0
2021-01-03,GR,0,0,0,0,0,0
2021-01-03,SH,0,0,112,0.14,0,0
2021-01-03,SO,0,0,130,0.05,0,0
2021-01-03,UR,0,0,0,0,0,0
2021-01-03,VD,0,0,97,0.01,0,0
2021-01-03,ZG,0,0,358,0.28,3,0
2021-01-04,AI,0,0,64,0.4,0,0
2021-01-04,AR,0,0,90,0.16,1,0
2021-01-04,BE,0,0,0,0,0,0
2021-01-04,FL,0,0,2,0.01,0,0
2021-01-04,FR,0,0,729,0.23,0,0
2021-01-04,GE,0,0,113,0.02,0,0
2021-01-04,GR,0,0,35,0.02,0,0
2021-01-04,SH,0,0,112,0.14,0,0
2021-01-04,SO,0,0,804,0.29,0,0
2021-01-04,UR,0,0,40,0.11,0,0
2021-01-04,VD,0,0,97,0.01,0,0
2021-01-04,ZG,0,0,358,0.28,3,0
2021-01-05,AI,0,0,251,1.56,0,0
2021-01-05,AR,0,0,306,0.55,1,0
2021-01-05,BE,0,0,0,0,0,0
2021-01-05,FL,0,0,2,0.01,0,0
2021-01-05,FR,0,0,836,0.26,0,0
2021-01-05,GE,0,0,653,0.13,0,0
2021-01-05,GR,0,0,132,0.07,0,0
2021-01-05,SH,0,0,314,0.38,0,0
2021-01-05,SO,0,0,1293,0.47,0,0
2021-01-05,UR,0,0,91,0.25,0,0
2021-01-05,VD,0,0,97,0.01,0,0
2021-01-05,ZG,0,0,358,0.28,3,0
2021-01-06,AI,0,0,321,1.99,0,0
2021-01-06,AR,0,0,474,0.85,1,0
2021-01-06,BE,0,0,0,0,0,0
2021-01-06,FL,0,0,5,0.01,0,0
2021-01-06,FR,0,0,1071,0.33,0,0
2021-01-06,GE,0,0,1211,0.24,0,0
2021-01-06,GR,0,0,248,0.12,0,0
2021-01-06,SH,0,0,406,0.49,0,0
2021-01-06,SO,0,0,1996,0.73,0,0
2021-01-06,UR,0,0,91,0.25,0,0
2021-01-06,VD,0,0,97,0.01,0,0
2021-01-06,ZG,0,0,409,0.32,3,0
2021-01-07,AI,0,0,357,2.21,0,0
2021-01-07,AR,0,0,672,1.21,1,0
2021-01-07,BE,0,0,0,0,0,0
2021-01-07,FL,0,0,6,0.02,0,0
2021-01-07,FR,0,0,1138,0.35,0,0
2021-01-07,GE,0,0,1909,0.38,0,0
2021-01-07,GR,0,0,326,0.16,0,0
2021-01-07,SH,0,0,904,1.1,0,0
2021-01-07,SO,0,0,2523,0.92,1,0
2021-01-07,UR,0,0,229,0.62,0,0
2021-01-07,VD,0,0,203,0.03,0,0
2021-01-07,ZG,0,0,514,0.4,3,0
2021-01-08,AI,0,0,396,2.46,0,0
2021-01-08,AR,0,0,697,1.26,1,0
2021-01-08,BE,0,0,0,0,0,0
2021-01-08,FL,0,0,6,0.02,0,0
2021-01-08,FR,0,0,1255,0.39,0,0
2021-01-08,GE,0,0,2617,0.52,0,0
2021-01-08,GR,0,0,639,0.32,0,0
2021-01-08,SH,0,0,1421,1.73,0,0
2021-01-08,SO,0,0,3022,1.1,1,0
2021-01-08,UR,0,0,365,0.99,0,0
2021-01-08,VD,0,0,309,0.04,0,0
2021-01-08,ZG,0,0,667,0.52,3,0
2021-01-09,AI,0,0,396,2.46,0,0
2021-01-09,AR,0,0,697,1.26,1,0
2021-01-09,BE,0,0,0,0,0,0
2021-01-09,FL,0,0,6,0.02,0,0
2021-01-09,FR,0,0,1255,0.39,0,0
2021-01-09,GE,0,0,2617,0.52,0,0
2021-01-09,GR,0,0,639,0.32,0,0
2021-01-09,SH,0,0,1421,1.73,0,0
2021-01-09,SO,0,0,3579,1.3,2,0
2021-01-09,UR,0,0,365,0.99,0,0
2021-01-09,VD,0,0,344,0.04,0,0
2021-01-09,ZG,0,0,667,0.52,3,0
2021-01-10,AI,0,0,396,2.46,0,0
2021-01-10,AR,0,0,697,1.26,1,0
2021-01-10,BE,0,0,0,0,0,0
2021-01-10,FL,0,0,6,0.02,0,0
2021-01-10,FR,0,0,1255,0.39,0,0
2021-01-10,GE,0,0,2617,0.52,0,0
2021-01-10,GR,0,0,639,0.32,0,0
2021-01-10,SH,0,0,1421,1.73,0,0
2021-01-10,SO,0,0,3579,1.3,2,0
2021-01-10,UR,0,0,365,0.99,0,0
2021-01-10,VD,0,0,374,0.05,0,0
2021-01-10,ZG,0,0,667,0.52,3,0
2021-01-11,AI,0,0,437,2.71,0,0
2021-01-11,AR,0,0,697,1.26,1,0
2021-01-11,BE,0,0,583,0.06,0,0
2021-01-11,FL,0,0,6,0.02,0,0
2021-01-11,FR,0,0,1495,0.46,0,0
2021-01-11,GE,0,0,3476,0.69,1,0
2021-01-11,GR,0,0,954,0.48,0,0
2021-01-11,SH,0,0,1587,1.93,0,0
2021-01-11,SO,0,0,4225,1.53,2,0
2021-01-11,UR,0,0,478,1.3,0,0
2021-01-11,VD,0,0,1024,0.13,0,0
2021-01-11,ZG,0,0,776,0.61,3,0
2021-01-12,AI,0,0,526,3.26,0,0
2021-01-12,AR,0,0,697,1.26,1,0
2021-01-12,BE,0,0,1335,0.13,0,0
2021-01-12,FL,0,0,11,0.03,0,0
2021-01-12,FR,0,0,1820,0.57,0,0
2021-01-12,GE,0,0,4368,0.87,1,0
2021-01-12,GR,0,0,1317,0.66,0,0
2021-01-12,SH,0,0,1801,2.19,1,0
2021-01-12,SO,0,0,4928,1.79,2,0
2021-01-12,UR,0,0,559,1.52,0,0
2021-01-12,VD,0,0,1976,0.25,0,0
2021-01-12,ZG,0,0,922,0.72,3,0
2021-01-13,AI,0,0,560,3.47,0,0
2021-01-13,AR,0,0,697,1.26,1,0
2021-01-13,BE,0,0,2145,0.21,0,0
2021-01-13,FL,0,0,11,0.03,0,0
2021-01-13,FR,0,0,2045,0.64,0,0
2021-01-13,GE,0,0,5296,1.05,1,0
2021-01-13,GR,0,0,1760,0.88,0,0
2021-01-13,SH,0,0,2064,2.51,1,0
2021-01-13,SO,0,0,5679,2.06,2,0
2021-01-13,UR,0,0,643,1.75,0,0
2021-01-13,VD,0,0,3145,0.39,0,0
2021-01-13,ZG,0,0,1144,0.9,102,0.08
2021-01-14,AI,0,0,566,3.51,0,0
2021-01-14,AR,0,0,697,1.26,1,0
2021-01-14,BE,0,0,3240,0.31,0,0
2021-01-14,FL,0,0,11,0.03,0,0
2021-01-14,FR,0,0,2288,0.71,0,0
2021-01-14,GE,0,0,6200,1.23,2,0
2021-01-14,GR,0,0,2048,1.03,0,0
2021-01-14,SH,0,0,2259,2.74,1,0
2021-01-14,SO,0,0,6381,2.32,2,0
2021-01-14,UR,0,0,733,2,0,0
2021-01-14,VD,0,0,4116,0.51,0,0
2021-01-14,ZG,0,0,1357,1.06,164,0.13
2021-01-15,AI,0,0,590,3.66,0,0
2021-01-15,AR,0,0,697,1.26,1,0
2021-01-15,BE,0,0,4418,0.43,0,0
2021-01-15,FL,0,0,11,0.03,0,0
2021-01-15,FR,0,0,2476,0.77,0,0
2021-01-15,GE,0,0,7117,1.41,2,0
2021-01-15,GR,0,0,2531,1.27,0,0
2021-01-15,SH,0,0,2461,2.99,1,0
2021-01-15,SO,0,0,6820,2.48,2,0
2021-01-15,UR,0,0,793,2.16,0,0
2021-01-15,VD,0,0,5343,0.66,0,0
2021-01-15,ZG,0,0,1637,1.28,209,0.16
2021-01-16,AI,0,0,590,3.66,0,0
2021-01-16,AR,0,0,697,1.26,1,0
2021-01-16,BE,0,0,4419,0.43,0,0
2021-01-16,FL,0,0,11,0.03,0,0
2021-01-16,FR,0,0,2560,0.8,0,0
2021-01-16,GE,0,0,7117,1.41,2,0
2021-01-16,GR,0,0,2531,1.27,0,0
2021-01-16,SH,0,0,2461,2.99,1,0
2021-01-16,SO,0,0,7576,2.75,2,0
2021-01-16,UR,0,0,793,2.16,0,0
2021-01-16,VD,0,0,5540,0.69,0,0
2021-01-16,ZG,0,0,1885,1.48,211,0.17
2021-01-17,AI,0,0,590,3.66,0,0
2021-01-17,AR,0,0,697,1.26,1,0
2021-01-17,BE,0,0,4419,0.43,0,0
2021-01-17,FL,0,0,11,0.03,0,0
2021-01-17,FR,0,0,2560,0.8,0,0
2021-01-17,GE,0,0,7117,1.41,2,0
2021-01-17,GR,0,0,2531,1.27,0,0
2021-01-17,SH,0,0,2461,2.99,1,0
2021-01-17,SO,0,0,7576,2.75,2,0
2021-01-17,UR,0,0,793,2.16,0,0
2021-01-17,VD,0,0,5749,0.71,0,0
2021-01-17,ZG,0,0,2134,1.67,211,0.17
2021-01-18,AI,0,0,640,3.97,0,0
2021-01-18,AR,0,0,918,1.66,2,0
2021-01-18,BE,0,0,6102,0.59,0,0
2021-01-18,FL,0,0,116,0.3,0,0
2021-01-18,FR,0,0,2996,0.93,0,0
2021-01-18,GE,0,0,7910,1.57,2,0
2021-01-18,GR,0,0,3051,1.53,1,0
2021-01-18,SH,0,0,2678,3.25,1,0
2021-01-18,SO,0,0,8295,3.01,2,0
2021-01-18,UR,0,0,859,2.34,0,0
2021-01-18,VD,0,0,7375,0.92,0,0
2021-01-18,ZG,0,0,2518,1.97,214,0.17
2021-01-19,AI,0,0,772,4.79,0,0
2021-01-19,AR,0,0,1258,2.27,2,0
2021-01-19,BE,0,0,7895,0.76,0,0
2021-01-19,FL,0,0,191,0.49,0,0
2021-01-19,FR,0,0,3537,1.1,0,0
2021-01-19,GE,0,0,8834,1.75,2,0
2021-01-19,GR,0,0,3416,1.72,1,0
2021-01-19,SH,0,0,2933,3.56,1,0
2021-01-19,SO,0,0,9158,3.33,2,0
2021-01-19,UR,0,0,962,2.62,0,0
2021-01-19,VD,0,0,9099,1.13,0,0
2021-01-19,ZG,0,0,3220,2.52,221,0.17
2021-01-20,AI,0,0,844,5.23,0,0
2021-01-20,AR,0,0,1597,2.88,2,0
2021-01-20,BE,0,0,9947,0.96,0,0
2021-01-20,FL,0,0,247,0.64,0,0
2021-01-20,FR,0,0,4148,1.29,0,0
2021-01-20,GE,0,0,9749,1.93,2,0
2021-01-20,GR,0,0,3774,1.9,1,0
2021-01-20,SH,0,0,3184,3.87,1,0
2021-01-20,SO,0,0,9671,3.51,2,0
2021-01-20,UR,0,0,1027,2.8,0,0
2021-01-20,VD,0,0,11150,1.38,0,0
2021-01-20,ZG,0,0,4055,3.18,238,0.19
2021-01-21,AI,0,0,886,5.49,0,0
2021-01-21,AR,0,0,1981,3.57,2,0
2021-01-21,BE,0,0,12174,1.17,0,0
2021-01-21,FL,0,0,313,0.81,0,0
2021-01-21,FR,0,0,4906,1.52,1,0
2021-01-21,GE,0,0,10830,2.15,2,0
2021-01-21,GR,0,0,4062,2.04,1,0
2021-01-21,SH,0,0,3522,4.28,3,0
2021-01-21,SO,0,0,10331,3.75,128,0.05
2021-01-21,UR,0,0,1137,3.1,0,0
2021-01-21,VD,0,0,13460,1.67,0,0
2021-01-21,ZG,0,0,4866,3.81,335,0.26
2021-01-22,AI,0,0,948,5.88,0,0
2021-01-22,AR,0,0,2065,3.72,2,0
2021-01-22,BE,0,0,14366,1.38,0,0
2021-01-22,FL,0,0,343,0.89,0,0
2021-01-22,FR,0,0,5542,1.72,4,0
2021-01-22,GE,0,0,11834,2.35,2,0
2021-01-22,GR,0,0,4344,2.18,1,0
2021-01-22,SH,0,0,3894,4.73,3,0
2021-01-22,SO,0,0,10816,3.93,128,0.05
2021-01-22,UR,0,0,1247,3.4,0,0
2021-01-22,VD,0,0,15510,1.93,0,0
2021-01-22,ZG,0,0,5555,4.35,355,0.28
2021-01-23,AI,0,0,948,5.88,0,0
2021-01-23,AR,0,0,2065,3.72,2,0
2021-01-23,BE,0,0,14366,1.38,0,0
2021-01-23,FL,0,0,343,0.89,0,0
2021-01-23,FR,0,0,5902,1.83,4,0
2021-01-23,GE,0,0,11834,2.35,2,0
2021-01-23,GR,0,0,4344,2.18,1,0
2021-01-23,SH,0,0,3988,4.84,97,0.12
2021-01-23,SO,0,0,11555,4.2,128,0.05
2021-01-23,UR,0,0,1247,3.4,0,0
2021-01-23,VD,0,0,15713,1.95,0,0
2021-01-23,ZG,0,0,6107,4.78,356,0.28
2021-01-24,AG,37725,5.5,12973,1.89,0,0
2021-01-24,AI,1375,8.53,948,5.88,0,0
2021-01-24,AR,4325,7.8,2065,3.72,2,0
2021-01-24,BE,39250,3.78,14368,1.38,0,0
2021-01-24,BL,20175,6.97,8315,2.87,0,0
2021-01-24,BS,13575,6.93,10890,5.56,0,0
2021-01-24,CH,469625,5.46,197225,2.29,0,0
2021-01-24,CHFL,471400,5.45,197568,2.29,0,0
2021-01-24,FL,1775,4.58,343,0.89,0,0
2021-01-24,FR,16350,5.08,5902,1.83,4,0
2021-01-24,GE,26100,5.18,11834,2.35,2,0
2021-01-24,GL,2950,7.27,1540,3.79,0,0
2021-01-24,GR,11925,5.99,4344,2.18,1,0
2021-01-24,JU,4725,6.42,2032,2.76,0,0
2021-01-24,LU,23925,5.79,11241,2.72,0,0
2021-01-24,NE,12000,6.8,2585,1.46,0,0
2021-01-24,NW,3925,9.11,3218,7.47,0,0
2021-01-24,OW,2850,7.51,1866,4.92,0,0
2021-01-24,SG,27300,5.35,8870,1.74,0,0
2021-01-24,SH,6000,7.29,3988,4.84,97,0.12
2021-01-24,SO,16350,5.94,11555,4.2,128,0.05
2021-01-24,SZ,9450,5.89,3250,2.03,0,0
2021-01-24,TG,15075,5.39,4072,1.46,0,0
2021-01-24,TI,24025,6.84,11815,3.36,0,0
2021-01-24,UR,3825,10.42,1247,3.4,0,0
2021-01-24,VD,40500,5.03,15912,1.98,0,0
2021-01-24,VS,20975,6.07,10210,2.95,0,0
2021-01-24,ZG,7575,5.93,6657,5.22,356,0.28
2021-01-24,ZH,77375,5.03,25528,1.66,0,0
2021-01-25,AG,37725,5.5,12973,1.89,0,0
2021-01-25,AI,1375,8.53,974,6.04,15,0.09
2021-01-25,AR,4325,7.8,2542,4.58,97,0.17
2021-01-25,BE,39250,3.78,16214,1.56,1,0
2021-01-25,BL,20175,6.97,8315,2.87,0,0
2021-01-25,BS,13575,6.93,10890,5.56,0,0
2021-01-25,CH,469625,5.46,204749,2.38,0,0
2021-01-25,CHFL,471400,5.45,205167,2.37,0,0
2021-01-25,FL,1775,4.58,418,1.08,0,0
2021-01-25,FR,16350,5.08,6464,2.01,4,0
2021-01-25,GE,26100,5.18,12738,2.53,14,0
2021-01-25,GL,2950,7.27,1540,3.79,0,0
2021-01-25,GR,11925,5.99,4677,2.35,1,0
2021-01-25,JU,4725,6.42,2032,2.76,0,0
2021-01-25,LU,23925,5.79,11241,2.72,0,0
2021-01-25,NE,12000,6.8,2585,1.46,0,0
2021-01-25,NW,3925,9.11,3218,7.47,0,0
2021-01-25,OW,2850,7.51,1866,4.92,0,0
2021-01-25,SG,27300,5.35,8870,1.74,0,0
2021-01-25,SH,6000,7.29,4335,5.26,97,0.12
2021-01-25,SO,16350,5.94,12044,4.38,128,0.05
2021-01-25,SZ,9450,5.89,3250,2.03,0,0
2021-01-25,TG,15075,5.39,4072,1.46,0,0
2021-01-25,TI,24025,6.84,11815,3.36,0,0
2021-01-25,UR,3825,10.42,1367,3.72,40,0.11
2021-01-25,VD,40500,5.03,18081,2.25,1,0
2021-01-25,VS,20975,6.07,10210,2.95,0,0
2021-01-25,ZG,7575,5.93,6908,5.41,361,0.28
2021-01-25,ZH,77375,5.03,25528,1.66,0,0
2021-01-26,AG,37725,5.5,12973,1.89,0,0
2021-01-26,AI,1375,8.53,1105,6.85,91,0.56
2021-01-26,AR,4325,7.8,2879,5.19,254,0.46
2021-01-26,BE,39250,3.78,18136,1.74,1,0
2021-01-26,BL,20175,6.97,8315,2.87,0,0
2021-01-26,BS,13575,6.93,10890,5.56,0,0
2021-01-26,CH,469625,5.46,213030,2.48,0,0
2021-01-26,CHFL,471400,5.45,213493,2.47,0,0
2021-01-26,FL,1775,4.58,463,1.19,0,0
2021-01-26,FR,16350,5.08,7119,2.21,4,0
2021-01-26,GE,26100,5.18,13845,2.75,40,0.01
2021-01-26,GL,2950,7.27,1540,3.79,0,0
2021-01-26,GR,11925,5.99,5297,2.66,126,0.06
2021-01-26,JU,4725,6.42,2032,2.76,0,0
2021-01-26,LU,23925,5.79,11241,2.72,0,0
2021-01-26,NE,12000,6.8,2585,1.46,0,0
2021-01-26,NW,3925,9.11,3218,7.47,0,0
2021-01-26,OW,2850,7.51,1866,4.92,0,0
2021-01-26,SG,27300,5.35,8870,1.74,0,0
2021-01-26,SH,6000,7.29,4628,5.62,97,0.12
2021-01-26,SO,16350,5.94,12526,4.55,128,0.05
2021-01-26,SZ,9450,5.89,3250,2.03,0,0
2021-01-26,TG,15075,5.39,4072,1.46,0,0
2021-01-26,TI,24025,6.84,11815,3.36,0,0
2021-01-26,UR,3825,10.42,1461,3.98,95,0.26
2021-01-26,VD,40500,5.03,20481,2.54,1,0
2021-01-26,VS,20975,6.07,10210,2.95,0,0
2021-01-26,ZG,7575,5.93,7148,5.6,363,0.28
2021-01-26,ZH,77375,5.03,25528,1.66,0,0
2021-01-27,AG,40650,5.93,16730,2.44,0,0
2021-01-27,AI,1375,8.53,1105,6.85,91,0.56
2021-01-27,AR,4325,7.8,3180,5.74,380,0.69
2021-01-27,BE,63050,6.07,20170,1.94,1,0
2021-01-27,BL,21150,7.31,9715,3.36,0,0
2021-01-27,BS,14550,7.43,13204,6.74,0,0
2021-01-27,CH,513900,5.97,259211,3.01,0,0
2021-01-27,CHFL,515675,5.97,259674,3,0,0
2021-01-27,FL,1775,4.58,463,1.19,0,0
2021-01-27,FR,17325,5.38,7737,2.4,9,0
2021-01-27,GE,28050,5.56,15189,3.01,44,0.01
2021-01-27,GL,2950,7.27,1960,4.83,0,0
2021-01-27,GR,12900,6.48,5951,2.99,233,0.12
2021-01-27,JU,5700,7.75,2642,3.59,0,0
2021-01-27,LU,23925,5.79,15337,3.71,0,0
2021-01-27,NE,12975,7.35,3852,2.18,0,0
2021-01-27,NW,3925,9.11,3218,7.47,0,0
2021-01-27,OW,2850,7.51,1866,4.92,0,0
2021-01-27,SG,29250,5.73,12782,2.5,0,0
2021-01-27,SH,6000,7.29,4961,6.02,99,0.12
2021-01-27,SO,17325,6.29,12992,4.72,146,0.05
2021-01-27,SZ,10425,6.5,3865,2.41,0,0
2021-01-27,TG,16050,5.74,6376,2.28,0,0
2021-01-27,TI,25975,7.39,15756,4.48,0,0
2021-01-27,UR,3825,10.42,1682,4.58,173,0.47
2021-01-27,VD,43425,5.39,22937,2.85,80,0.01
2021-01-27,VS,20975,6.07,13725,3.97,0,0
2021-01-27,ZG,7575,5.93,7379,5.78,363,0.28
2021-01-27,ZH,77375,5.03,34900,2.27,0,0
2021-01-28,AG,40650,5.93,16730,2.44,0,0
2021-01-28,AI,1375,8.53,1111,6.89,92,0.57
2021-01-28,AR,4325,7.8,3389,6.11,542,0.98
2021-01-28,BE,63050,6.07,22259,2.14,1,0
2021-01-28,BL,21150,7.31,9715,3.36,0,0
2021-01-28,BS,14550,7.43,13204,6.74,0,0
2021-01-28,CH,513900,5.97,268328,3.12,0,0
2021-01-28,CHFL,515675,5.97,268979,3.11,0,0
2021-01-28,FL,1775,4.58,651,1.68,0,0
2021-01-28,FR,17325,5.38,8436,2.62,195,0.06
2021-01-28,GE,28050,5.56,16548,3.28,50,0.01
2021-01-28,GL,2950,7.27,1960,4.83,0,0
2021-01-28,GR,12900,6.48,6689,3.36,319,0.16
2021-01-28,JU,5700,7.75,2642,3.59,0,0
2021-01-28,LU,23925,5.79,15337,3.71,0,0
2021-01-28,NE,12975,7.35,3852,2.18,0,0
2021-01-28,NW,3925,9.11,3218,7.47,0,0
2021-01-28,OW,2850,7.51,1866,4.92,0,0
2021-01-28,SG,29250,5.73,12782,2.5,0,0
2021-01-28,SH,6000,7.29,5413,6.57,266,0.32
2021-01-28,SO,17325,6.29,13585,4.94,299,0.11
2021-01-28,SZ,10425,6.5,3865,2.41,0,0
2021-01-28,TG,16050,5.74,6376,2.28,0,0
2021-01-28,TI,25975,7.39,15756,4.48,0,0
2021-01-28,UR,3825,10.42,2033,5.54,316,0.86
2021-01-28,VD,43425,5.39,25558,3.17,92,0.01
2021-01-28,VS,20975,6.07,13725,3.97,0,0
2021-01-28,ZG,7575,5.93,7379,5.78,363,0.28
2021-01-28,ZH,77375,5.03,34900,2.27,0,0
2021-01-29,AG,40650,5.93,16730,2.44,0,0
2021-01-29,AI,1375,8.53,1122,6.96,92,0.57
2021-01-29,AR,4325,7.8,3696,6.67,605,1.09
2021-01-29,BE,63050,6.07,24472,2.35,1,0
2021-01-29,BL,21150,7.31,9715,3.36,0,0
2021-01-29,BS,14550,7.43,13204,6.74,0,0
2021-01-29,CH,513900,5.97,276340,3.21,0,0
2021-01-29,CHFL,515675,5.97,277181,3.21,0,0
2021-01-29,FL,1775,4.58,841,2.17,0,0
2021-01-29,FR,17325,5.38,8964,2.79,322,0.1
2021-01-29,GE,28050,5.56,17635,3.5,50,0.01
2021-01-29,GL,2950,7.27,1960,4.83,0,0
2021-01-29,GR,12900,6.48,7410,3.72,625,0.31
2021-01-29,JU,5700,7.75,2642,3.59,0,0
2021-01-29,LU,23925,5.79,15337,3.71,0,0
2021-01-29,NE,12975,7.35,3852,2.18,0,0
2021-01-29,NW,3925,9.11,3218,7.47,0,0
2021-01-29,OW,2850,7.51,1866,4.92,0,0
2021-01-29,SG,29250,5.73,12782,2.5,0,0
2021-01-29,SH,6000,7.29,5711,6.94,267,0.32
2021-01-29,SO,17325,6.29,14234,5.17,564,0.2
2021-01-29,SZ,10425,6.5,3865,2.41,0,0
2021-01-29,TG,16050,5.74,6376,2.28,0,0
2021-01-29,TI,25975,7.39,15756,4.48,0,0
2021-01-29,UR,3825,10.42,2191,5.97,366,1
2021-01-29,VD,43425,5.39,27598,3.43,93,0.01
2021-01-29,VS,20975,6.07,13725,3.97,0,0
2021-01-29,ZG,7575,5.93,7379,5.78,363,0.28
2021-01-29,ZH,77375,5.03,34900,2.27,0,0
2021-01-30,AG,40650,5.93,16730,2.44,0,0
2021-01-30,AI,1375,8.53,1122,6.96,92,0.57
2021-01-30,AR,4325,7.8,3696,6.67,605,1.09
2021-01-30,BE,63050,6.07,24662,2.37,1,0
2021-01-30,BL,21150,7.31,9715,3.36,0,0
2021-01-30,BS,14550,7.43,13204,6.74,0,0
2021-01-30,CH,513900,5.97,277616,3.23,0,0
2021-01-30,CHFL,515675,5.97,278457,3.22,0,0
2021-01-30,FL,1775,4.58,841,2.17,0,0
2021-01-30,FR,17325,5.38,9325,2.9,322,0.1
2021-01-30,GE,28050,5.56,17635,3.5,50,0.01
2021-01-30,GL,2950,7.27,1960,4.83,0,0
2021-01-30,GR,12900,6.48,7410,3.72,625,0.31
2021-01-30,JU,5700,7.75,2642,3.59,0,0
2021-01-30,LU,23925,5.79,15337,3.71,0,0
2021-01-30,NE,12975,7.35,3852,2.18,0,0
2021-01-30,NW,3925,9.11,3218,7.47,0,0
2021-01-30,OW,2850,7.51,1866,4.92,0,0
2021-01-30,SG,29250,5.73,12782,2.5,0,0
2021-01-30,SH,6000,7.29,5711,6.94,267,0.32
2021-01-30,SO,17325,6.29,14771,5.37,730,0.27
2021-01-30,SZ,10425,6.5,3865,2.41,0,0
2021-01-30,TG,16050,5.74,6376,2.28,0,0
2021-01-30,TI,25975,7.39,15756,4.48,0,0
2021-01-30,UR,3825,10.42,2191,5.97,366,1
2021-01-30,VD,43425,5.39,27786,3.45,93,0.01
2021-01-30,VS,20975,6.07,13725,3.97,0,0
2021-01-30,ZG,7575,5.93,7379,5.78,363,0.28
2021-01-30,ZH,77375,5.03,34900,2.27,0,0
2021-01-31,AG,40650,5.93,20034,2.92,0,0
2021-01-31,AI,1375,8.53,1122,6.96,92,0.57
2021-01-31,AR,4325,7.8,3696,6.67,605,1.09
2021-01-31,BE,63050,6.07,24662,2.37,1,0
2021-01-31,BL,21150,7.31,11364,3.93,0,0
2021-01-31,BS,14550,7.43,13754,7.02,0,0
2021-01-31,CH,515850,5.99,314239,3.65,0,0
2021-01-31,CHFL,517625,5.99,315080,3.64,0,0
2021-01-31,FL,1775,4.58,841,2.17,0,0
2021-01-31,FR,17325,5.38,9687,3.01,322,0.1
2021-01-31,GE,28050,5.56,17635,3.5,50,0.01
2021-01-31,GL,2950,7.27,2330,5.74,0,0
2021-01-31,GR,12900,6.48,7410,3.72,625,0.31
2021-01-31,JU,5700,7.75,2792,3.79,0,0
2021-01-31,LU,25875,6.26,18076,4.38,0,0
2021-01-31,NE,12975,7.35,4907,2.78,0,0
2021-01-31,NW,3925,9.11,3218,7.47,0,0
2021-01-31,OW,2850,7.51,2156,5.68,0,0
2021-01-31,SG,29250,5.73,19281,3.78,0,0
2021-01-31,SH,6000,7.29,5711,6.94,267,0.32
2021-01-31,SO,17325,6.29,14771,5.37,730,0.27
2021-01-31,SZ,10425,6.5,5165,3.22,0,0
2021-01-31,TG,16050,5.74,8868,3.17,0,0
2021-01-31,TI,25975,7.39,19737,5.62,0,0
2021-01-31,UR,3825,10.42,2191,5.97,366,1
2021-01-31,VD,43425,5.39,27972,3.47,93,0.01
2021-01-31,VS,20975,6.07,14240,4.12,0,0
2021-01-31,ZG,7575,5.93,7379,5.78,363,0.28
2021-01-31,ZH,77375,5.03,46081,2.99,0,0
2021-02-01,AG,40650,5.93,20034,2.92,0,0
2021-02-01,AI,1375,8.53,1145,7.1,114,0.71
2021-02-01,AR,4325,7.8,3696,6.67,605,1.09
2021-02-01,BE,63050,6.07,26909,2.59,2,0
2021-02-01,BL,21150,7.31,11364,3.93,0,0
2021-02-01,BS,14550,7.43,13754,7.02,0,0
2021-02-01,CH,515850,5.99,321389,3.73,0,0
2021-02-01,CHFL,517625,5.99,322230,3.73,0,0
2021-02-01,FL,1775,4.58,841,2.17,0,0
2021-02-01,FR,17325,5.38,10460,3.25,618,0.19
2021-02-01,GE,28050,5.56,18139,3.6,50,0.01
2021-02-01,GL,2950,7.27,2330,5.74,0,0
2021-02-01,GR,12900,6.48,7827,3.93,941,0.47
2021-02-01,JU,5700,7.75,2792,3.79,0,0
2021-02-01,LU,25875,6.26,18076,4.38,0,0
2021-02-01,NE,12975,7.35,4907,2.78,0,0
2021-02-01,NW,3925,9.11,3218,7.47,0,0
2021-02-01,OW,2850,7.51,2156,5.68,0,0
2021-02-01,SG,29250,5.73,19281,3.78,0,0
2021-02-01,SH,6000,7.29,5939,7.21,295,0.36
2021-02-01,SO,17325,6.29,15179,5.51,1007,0.37
2021-02-01,SZ,10425,6.5,5165,3.22,0,0
2021-02-01,TG,16050,5.74,8868,3.17,0,0
2021-02-01,TI,25975,7.39,19737,5.62,0,0
2021-02-01,UR,3825,10.42,2365,6.44,478,1.3
2021-02-01,VD,43425,5.39,30278,3.76,350,0.04
2021-02-01,VS,20975,6.07,14240,4.12,0,0
2021-02-01,ZG,7575,5.93,7449,5.84,426,0.33
2021-02-01,ZH,77375,5.03,46081,2.99,0,0
2021-02-02,AG,40650,5.93,20034,2.92,0,0
2021-02-02,AI,1375,8.53,1296,8.04,259,1.61
2021-02-02,AR,4325,7.8,3696,6.67,605,1.09
2021-02-02,BE,63050,6.07,29275,2.82,4,0
2021-02-02,BL,21150,7.31,11364,3.93,0,0
2021-02-02,BS,14550,7.43,13754,7.02,0,0
2021-02-02,CH,515850,5.99,329358,3.83,0,0
2021-02-02,CHFL,517625,5.99,330199,3.82,0,0
2021-02-02,FL,1775,4.58,841,2.17,0,0
2021-02-02,FR,17325,5.38,11160,3.47,835,0.26
2021-02-02,GE,28050,5.56,19225,3.81,646,0.13
2021-02-02,GL,2950,7.27,2330,5.74,0,0
2021-02-02,GR,12900,6.48,8216,4.13,1245,0.63
2021-02-02,JU,5700,7.75,2792,3.79,0,0
2021-02-02,LU,25875,6.26,18076,4.38,0,0
2021-02-02,NE,12975,7.35,4907,2.78,0,0
2021-02-02,NW,3925,9.11,3218,7.47,0,0
2021-02-02,OW,2850,7.51,2156,5.68,0,0
2021-02-02,SG,29250,5.73,19281,3.78,0,0
2021-02-02,SH,6000,7.29,6136,7.45,295,0.36
2021-02-02,SO,17325,6.29,15833,5.75,1541,0.56
2021-02-02,SZ,10425,6.5,5165,3.22,0,0
2021-02-02,TG,16050,5.74,8868,3.17,0,0
2021-02-02,TI,25975,7.39,19737,5.62,0,0
2021-02-02,UR,3825,10.42,2465,6.72,556,1.51
2021-02-02,VD,43425,5.39,32540,4.04,562,0.07
2021-02-02,VS,20975,6.07,14240,4.12,0,0
2021-02-02,ZG,7575,5.93,7513,5.89,489,0.38
2021-02-02,ZH,77375,5.03,46081,2.99,0,0
2021-02-03,AG,41625,6.07,24812,3.62,0,0
2021-02-03,AI,1375,8.53,1350,8.37,311,1.93
2021-02-03,AR,4325,7.8,3696,6.67,605,1.09
2021-02-03,BE,69400,6.68,31508,3.03,7,0
2021-02-03,BL,21150,7.31,13740,4.75,0,0
2021-02-03,BS,14550,7.43,14595,7.45,0,0
2021-02-03,CH,537800,6.25,369426,4.29,0,0
2021-02-03,CHFL,550025,6.36,370272,4.28,0,0
2021-02-03,FL,1775,4.58,846,2.18,5,0.01
2021-02-03,FR,19275,5.99,11898,3.7,1033,0.32
2021-02-03,GE,29025,5.76,20313,4.03,1217,0.24
2021-02-03,GL,2950,7.27,2635,6.49,0,0
2021-02-03,GR,13875,6.97,8795,4.42,1676,0.84
2021-02-03,JU,5700,7.75,3411,4.64,0,0
2021-02-03,LU,23925,5.79,21035,5.09,0,0
2021-02-03,NE,12975,7.35,5657,3.21,0,0
2021-02-03,NW,4715,10.94,3737,8.67,0,0
2021-02-03,OW,3035,8,2156,5.68,0,0
2021-02-03,SG,31200,6.11,23971,4.69,0,0
2021-02-03,SH,6975,8.47,6232,7.57,296,0.36
2021-02-03,SO,19275,7,16580,6.02,2164,0.79
2021-02-03,SZ,10425,6.5,5761,3.59,0,0
2021-02-03,TG,17025,6.09,10919,3.91,0,0
2021-02-03,TI,26950,7.67,20550,5.85,0,0
2021-02-03,UR,3825,10.42,2549,6.94,639,1.74
2021-02-03,VD,45375,5.64,34894,4.33,902,0.11
2021-02-03,VS,22925,6.63,16735,4.84,0,0
2021-02-03,ZG,8550,6.7,7654,6,623,0.49
2021-02-03,ZH,77375,5.03,54243,3.52,0,0
2021-02-04,AG,41625,6.07,24812,3.62,0,0
2021-02-04,AI,1375,8.53,1385,8.59,345,2.14
2021-02-04,AR,4325,7.8,3696,6.67,605,1.09
2021-02-04,BE,69400,6.68,33610,3.23,9,0
2021-02-04,BL,21150,7.31,13740,4.75,0,0
2021-02-04,BS,14550,7.43,14595,7.45,0,0
2021-02-04,CH,537800,6.25,377995,4.39,0,0
2021-02-04,CHFL,550025,6.36,378841,4.38,0,0
2021-02-04,FL,1775,4.58,846,2.18,5,0.01
2021-02-04,FR,19275,5.99,12710,3.95,1359,0.42
2021-02-04,GE,29025,5.76,21721,4.31,1876,0.37
2021-02-04,GL,2950,7.27,2635,6.49,0,0
2021-02-04,GR,13875,6.97,9088,4.57,1868,0.94
2021-02-04,JU,5700,7.75,3411,4.64,0,0
2021-02-04,LU,23925,5.79,21035,5.09,0,0
2021-02-04,NE,12975,7.35,5657,3.21,0,0
2021-02-04,NW,4715,10.94,3737,8.67,0,0
2021-02-04,OW,3035,8,2156,5.68,0,0
2021-02-04,SG,31200,6.11,23971,4.69,0,0
2021-02-04,SH,6975,8.47,6367,7.73,298,0.36
2021-02-04,SO,19275,7,17368,6.31,2825,1.03
2021-02-04,SZ,10425,6.5,5761,3.59,0,0
2021-02-04,TG,17025,6.09,10919,3.91,0,0
2021-02-04,TI,26950,7.67,20550,5.85,0,0
2021-02-04,UR,3825,10.42,2766,7.54,727,1.98
2021-02-04,VD,45375,5.64,37408,4.65,1143,0.14
2021-02-04,VS,22925,6.63,16735,4.84,0,0
2021-02-04,ZG,8550,6.7,7919,6.2,699,0.55
2021-02-04,ZH,77375,5.03,54243,3.52,0,0
2021-02-05,AG,41625,6.07,24812,3.62,0,0
2021-02-05,AI,1375,8.53,1442,8.94,394,2.44
2021-02-05,AR,4325,7.8,3696,6.67,605,1.09
2021-02-05,BE,69400,6.68,35639,3.43,11,0
2021-02-05,BL,21150,7.31,13740,4.75,0,0
2021-02-05,BS,14550,7.43,14595,7.45,0,0
2021-02-05,CH,537800,6.25,385868,4.48,0,0
2021-02-05,CHFL,550025,6.36,386714,4.47,0,0
2021-02-05,FL,1775,4.58,846,2.18,5,0.01
2021-02-05,FR,19275,5.99,13383,4.16,1573,0.49
2021-02-05,GE,29025,5.76,23113,4.58,2580,0.51
2021-02-05,GL,2950,7.27,2635,6.49,0,0
2021-02-05,GR,13875,6.97,9615,4.83,2354,1.18
2021-02-05,JU,5700,7.75,3411,4.64,0,0
2021-02-05,LU,23925,5.79,21035,5.09,0,0
2021-02-05,NE,12975,7.35,5657,3.21,0,0
2021-02-05,NW,4715,10.94,3737,8.67,0,0
2021-02-05,OW,3035,8,2156,5.68,0,0
2021-02-05,SG,31200,6.11,23971,4.69,0,0
2021-02-05,SH,6975,8.47,6464,7.85,301,0.37
2021-02-05,SO,19275,7,18158,6.6,3508,1.27
2021-02-05,SZ,10425,6.5,5761,3.59,0,0
2021-02-05,TG,17025,6.09,10919,3.91,0,0
2021-02-05,TI,26950,7.67,20550,5.85,0,0
2021-02-05,UR,3825,10.42,2903,7.91,786,2.14
2021-02-05,VD,45375,5.64,39417,4.9,1509,0.19
2021-02-05,VS,22925,6.63,16735,4.84,0,0
2021-02-05,ZG,8550,6.7,8081,6.33,821,0.64
2021-02-05,ZH,77375,5.03,54243,3.52,0,0
2021-02-06,AG,41625,6.07,24812,3.62,0,0
2021-02-06,AI,1375,8.53,1442,8.94,394,2.44
2021-02-06,AR,4325,7.8,3696,6.67,605,1.09
2021-02-06,BE,69400,6.68,35670,3.43,12,0
2021-02-06,BL,21150,7.31,13740,4.75,0,0
2021-02-06,BS,14550,7.43,14595,7.45,0,0
2021-02-06,CH,537800,6.25,387049,4.5,0,0
2021-02-06,CHFL,550025,6.36,387895,4.49,0,0
2021-02-06,FL,1775,4.58,846,2.18,5,0.01
2021-02-06,FR,19275,5.99,13831,4.3,1573,0.49
2021-02-06,GE,29025,5.76,23113,4.58,2580,0.51
2021-02-06,GL,2950,7.27,2635,6.49,0,0
2021-02-06,GR,13875,6.97,9615,4.83,2354,1.18
2021-02-06,JU,5700,7.75,3411,4.64,0,0
2021-02-06,LU,23925,5.79,21035,5.09,0,0
2021-02-06,NE,12975,7.35,5657,3.21,0,0
2021-02-06,NW,4715,10.94,3737,8.67,0,0
2021-02-06,OW,3035,8,2156,5.68,0,0
2021-02-06,SG,31200,6.11,23971,4.69,0,0
2021-02-06,SH,6975,8.47,6464,7.85,301,0.37
2021-02-06,SO,19275,7,18519,6.73,3755,1.36
2021-02-06,SZ,10425,6.5,5761,3.59,0,0
2021-02-06,TG,17025,6.09,10919,3.91,0,0
2021-02-06,TI,26950,7.67,20550,5.85,0,0
2021-02-06,UR,3825,10.42,2903,7.91,786,2.14
2021-02-06,VD,45375,5.64,39646,4.92,1560,0.19
2021-02-06,VS,22925,6.63,16735,4.84,0,0
2021-02-06,ZG,8550,6.7,8193,6.42,912,0.71
2021-02-06,ZH,77375,5.03,54243,3.52,0,0
2021-02-07,AG,60025,8.75,28490,4.15,0,0
2021-02-07,AI,1375,8.53,1442,8.94,394,2.44
2021-02-07,AR,5925,10.69,3696,6.67,605,1.09
2021-02-07,BE,69400,6.68,35670,3.43,12,0
2021-02-07,BL,21150,7.31,15321,5.29,0,0
2021-02-07,BS,20350,10.39,14595,7.45,0,0
2021-02-07,CH,693925,8.06,413075,4.8,0,0
2021-02-07,CHFL,790425,9.14,413921,4.79,0,0
2021-02-07,FL,2775,7.16,846,2.18,5,0.01
2021-02-07,FR,27275,8.48,14270,4.43,1573,0.49
2021-02-07,GE,29025,5.76,23113,4.58,2580,0.51
2021-02-07,GL,4150,10.22,2815,6.94,0,0
2021-02-07,GR,20075,10.09,9615,4.83,2354,1.18
2021-02-07,JU,5700,7.75,3859,5.24,0,0
2021-02-07,LU,23925,5.79,21315,5.16,0,0
2021-02-07,NE,12975,7.35,8551,4.84,0,0
2021-02-07,NW,6015,13.96,4350,10.1,0,0
2021-02-07,OW,4135,10.9,2156,5.68,0,0
2021-02-07,SG,45300,8.87,26530,5.19,0,0
2021-02-07,SH,8475,10.29,6464,7.85,301,0.37
2021-02-07,SO,25875,9.4,18519,6.73,3755,1.36
2021-02-07,SZ,14825,9.24,6656,4.15,0,0
2021-02-07,TG,24525,8.77,12839,4.59,0,0
2021-02-07,TI,37250,10.6,24899,7.08,0,0
2021-02-07,UR,4925,13.42,2903,7.91,786,2.14
2021-02-07,VD,65975,8.19,39843,4.95,1639,0.2
2021-02-07,VS,22925,6.63,17370,5.03,0,0
2021-02-07,ZG,11850,9.28,8314,6.51,941,0.74
2021-02-07,ZH,120500,7.83,59480,3.86,0,0
2021-02-08,AG,60025,8.75,28490,4.15,0,0
2021-02-08,AI,1375,8.53,1483,9.2,433,2.68
2021-02-08,AR,5925,10.69,3892,7.02,797,1.44
2021-02-08,BE,69400,6.68,37775,3.63,683,0.07
2021-02-08,BL,21150,7.31,15321,5.29,0,0
2021-02-08,BS,20350,10.39,14595,7.45,0,0
2021-02-08,CH,693925,8.06,422285,4.91,0,0
2021-02-08,CHFL,790425,9.14,423236,4.9,0,0
2021-02-08,FL,2775,7.16,951,2.45,110,0.28
2021-02-08,FR,27275,8.48,15022,4.67,1846,0.57
2021-02-08,GE,29025,5.76,24922,4.94,3382,0.67
2021-02-08,GL,4150,10.22,2815,6.94,0,0
2021-02-08,GR,20075,10.09,10326,5.19,2865,1.44
2021-02-08,JU,5700,7.75,3859,5.24,0,0
2021-02-08,LU,23925,5.79,21315,5.16,0,0
2021-02-08,NE,12975,7.35,8551,4.84,0,0
2021-02-08,NW,6015,13.96,4350,10.1,0,0
2021-02-08,OW,4135,10.9,2156,5.68,0,0
2021-02-08,SG,45300,8.87,26530,5.19,0,0
2021-02-08,SH,8475,10.29,6691,8.13,523,0.64
2021-02-08,SO,25875,9.4,19156,6.96,4095,1.49
2021-02-08,SZ,14825,9.24,6656,4.15,0,0
2021-02-08,TG,24525,8.77,12839,4.59,0,0
2021-02-08,TI,37250,10.6,24899,7.08,0,0
2021-02-08,UR,4925,13.42,2971,8.09,854,2.33
2021-02-08,VD,65975,8.19,42453,5.27,2910,0.36
2021-02-08,VS,22925,6.63,17370,5.03,0,0
2021-02-08,ZG,11850,9.28,8368,6.56,995,0.78
2021-02-08,ZH,120500,7.83,59480,3.86,0,0
2021-02-09,AG,60025,8.75,28490,4.15,0,0
2021-02-09,AI,1375,8.53,1594,9.88,528,3.27
2021-02-09,AR,5925,10.69,3892,7.02,797,1.44
2021-02-09,BE,69400,6.68,40237,3.87,1396,0.13
2021-02-09,BL,21150,7.31,15321,5.29,0,0
2021-02-09,BS,20350,10.39,14595,7.45,0,0
2021-02-09,CH,693925,8.06,432091,5.02,0,0
2021-02-09,CHFL,790425,9.14,433117,5.01,0,0
2021-02-09,FL,2775,7.16,1026,2.65,184,0.47
2021-02-09,FR,27275,8.48,15936,4.95,2147,0.67
2021-02-09,GE,29025,5.76,26673,5.29,4255,0.84
2021-02-09,GL,4150,10.22,2815,6.94,0,0
2021-02-09,GR,20075,10.09,10993,5.52,3311,1.66
2021-02-09,JU,5700,7.75,3859,5.24,0,0
2021-02-09,LU,23925,5.79,21315,5.16,0,0
2021-02-09,NE,12975,7.35,8551,4.84,0,0
2021-02-09,NW,6015,13.96,4350,10.1,0,0
2021-02-09,OW,4135,10.9,2156,5.68,0,0
2021-02-09,SG,45300,8.87,26530,5.19,0,0
2021-02-09,SH,8475,10.29,6883,8.36,705,0.86
2021-02-09,SO,25875,9.4,19748,7.17,4394,1.6
2021-02-09,SZ,14825,9.24,6656,4.15,0,0
2021-02-09,TG,24525,8.77,12839,4.59,0,0
2021-02-09,TI,37250,10.6,24899,7.08,0,0
2021-02-09,UR,4925,13.42,3086,8.41,955,2.6
2021-02-09,VD,65975,8.19,45234,5.62,4061,0.5
2021-02-09,VS,22925,6.63,17370,5.03,0,0
2021-02-09,ZG,11850,9.28,8589,6.73,1205,0.94
2021-02-09,ZH,120500,7.83,59480,3.86,0,0
2021-02-10,AG,61000,8.89,32736,4.77,0,0
2021-02-10,AI,1475,9.15,1686,10.45,556,3.45
2021-02-10,AR,6095,10.99,3894,7.02,797,1.44
2021-02-10,BE,89400,8.6,43045,4.14,2235,0.22
2021-02-10,BL,31125,10.75,17696,6.11,0,0
2021-02-10,BS,21325,10.89,16443,8.4,0,0
2021-02-10,CH,778525,9.05,481802,5.6,0,0
2021-02-10,CHFL,806025,9.32,482881,5.59,0,0
2021-02-10,FL,3750,9.68,1079,2.78,235,0.61
2021-02-10,FR,27275,8.48,16734,5.2,2362,0.73
2021-02-10,GE,42600,8.45,28352,5.62,5158,1.02
2021-02-10,GL,4955,12.21,3126,7.7,0,0
2021-02-10,GR,20075,10.09,11757,5.91,3695,1.86
2021-02-10,JU,6700,9.11,4323,5.87,0,0
2021-02-10,LU,35125,8.5,24473,5.92,0,0
2021-02-10,NE,18075,10.24,10455,5.92,0,0
2021-02-10,NW,6015,13.96,4350,10.1,0,0
2021-02-10,OW,4135,10.9,2066,5.45,0,0
2021-02-10,SG,46275,9.06,30627,6,0,0
2021-02-10,SH,8475,10.29,7146,8.68,953,1.16
2021-02-10,SO,26850,9.75,20243,7.35,4593,1.67
2021-02-10,SZ,15800,9.85,8341,5.2,0,0
2021-02-10,TG,24525,8.77,15188,5.43,0,0
2021-02-10,TI,39200,11.15,29938,8.52,0,0
2021-02-10,UR,4925,13.42,3198,8.71,1020,2.78
2021-02-10,VD,66950,8.32,48204,5.99,5190,0.64
2021-02-10,VS,32925,9.53,19955,5.78,0,0
2021-02-10,ZG,11850,9.28,8685,6.8,1294,1.01
2021-02-10,ZH,125375,8.15,69141,4.49,0,0
2021-02-11,AG,61000,8.89,32736,4.77,0,0
2021-02-11,AI,1475,9.15,1686,10.45,556,3.45
2021-02-11,AR,6095,10.99,3894,7.02,797,1.44
2021-02-11,BE,89400,8.6,46176,4.44,3408,0.33
2021-02-11,BL,31125,10.75,17696,6.11,0,0
2021-02-11,BS,21325,10.89,16443,8.4,0,0
2021-02-11,CH,778525,9.05,492530,5.72,0,0
2021-02-11,CHFL,806025,9.32,493674,5.71,0,0
2021-02-11,FL,3750,9.68,1144,2.95,300,0.77
2021-02-11,FR,27275,8.48,17658,5.49,2673,0.83
2021-02-11,GE,42600,8.45,29944,5.94,6039,1.2
2021-02-11,GL,4955,12.21,3126,7.7,0,0
2021-02-11,GR,20075,10.09,12561,6.31,3987,2
2021-02-11,JU,6700,9.11,4323,5.87,0,0
2021-02-11,LU,35125,8.5,24473,5.92,0,0
2021-02-11,NE,18075,10.24,10455,5.92,0,0
2021-02-11,NW,6015,13.96,4350,10.1,0,0
2021-02-11,OW,4135,10.9,2066,5.45,0,0
2021-02-11,SG,46275,9.06,30627,6,0,0
2021-02-11,SH,8475,10.29,7474,9.08,1265,1.54
2021-02-11,SO,26850,9.75,20648,7.5,4800,1.74
2021-02-11,SZ,15800,9.85,8341,5.2,0,0
2021-02-11,TG,24525,8.77,15188,5.43,0,0
2021-02-11,TI,39200,11.15,29938,8.52,0,0
2021-02-11,UR,4925,13.42,3395,9.25,1083,2.95
2021-02-11,VD,66950,8.32,51461,6.39,6808,0.85
2021-02-11,VS,32925,9.53,19955,5.78,0,0
2021-02-11,ZG,11850,9.28,8775,6.87,1383,1.08
2021-02-11,ZH,125375,8.15,69141,4.49,0,0
2021-02-12,AG,61000,8.89,32736,4.77,0,0
2021-02-12,AI,1475,9.15,1735,10.76,586,3.63
2021-02-12,AR,6095,10.99,3941,7.11,829,1.5
2021-02-12,BE,89400,8.6,50617,4.87,4566,0.44
2021-02-12,BL,31125,10.75,17696,6.11,0,0
2021-02-12,BS,21325,10.89,16443,8.4,0,0
2021-02-12,CH,778525,9.05,504246,5.86,0,0
2021-02-12,CHFL,806025,9.32,505420,5.85,0,0
2021-02-12,FL,3750,9.68,1174,3.03,330,0.85
2021-02-12,FR,27275,8.48,18460,5.74,2956,0.92
2021-02-12,GE,42600,8.45,31542,6.26,6879,1.36
2021-02-12,GL,4955,12.21,3126,7.7,0,0
2021-02-12,GR,20075,10.09,13227,6.65,4266,2.14
2021-02-12,JU,6700,9.11,4323,5.87,0,0
2021-02-12,LU,35125,8.5,24473,5.92,0,0
2021-02-12,NE,18075,10.24,10455,5.92,0,0
2021-02-12,NW,6015,13.96,4350,10.1,0,0
2021-02-12,OW,4135,10.9,2066,5.45,0,0
2021-02-12,SG,46275,9.06,30627,6,0,0
2021-02-12,SH,8475,10.29,7720,9.37,1502,1.82
2021-02-12,SO,26850,9.75,21061,7.65,5021,1.82
2021-02-12,SZ,15800,9.85,8341,5.2,0,0
2021-02-12,TG,24525,8.77,15188,5.43,0,0
2021-02-12,TI,39200,11.15,29938,8.52,0,0
2021-02-12,UR,4925,13.42,3475,9.47,1148,3.13
2021-02-12,VD,66950,8.32,54546,6.78,8486,1.05
2021-02-12,VS,32925,9.53,19955,5.78,0,0
2021-02-12,ZG,11850,9.28,9064,7.1,1505,1.18
2021-02-12,ZH,125375,8.15,69141,4.49,0,0
2021-02-13,AG,61000,8.89,32736,4.77,0,0
2021-02-13,AI,1475,9.15,1735,10.76,586,3.63
2021-02-13,AR,6095,10.99,3941,7.11,829,1.5
2021-02-13,BE,89400,8.6,51052,4.91,4566,0.44
2021-02-13,BL,31125,10.75,17696,6.11,0,0
2021-02-13,BS,21325,10.89,16443,8.4,0,0
2021-02-13,CH,778525,9.05,506709,5.89,0,0
2021-02-13,CHFL,806025,9.32,507883,5.88,0,0
2021-02-13,FL,3750,9.68,1174,3.03,330,0.85
2021-02-13,FR,27275,8.48,18902,5.87,3035,0.94
2021-02-13,GE,42600,8.45,31542,6.26,6879,1.36
2021-02-13,GL,4955,12.21,3126,7.7,0,0
2021-02-13,GR,20075,10.09,13282,6.67,4266,2.14
2021-02-13,JU,6700,9.11,4323,5.87,0,0
2021-02-13,LU,35125,8.5,24473,5.92,0,0
2021-02-13,NE,18075,10.24,10455,5.92,0,0
2021-02-13,NW,6015,13.96,4350,10.1,0,0
2021-02-13,OW,4135,10.9,2066,5.45,0,0
2021-02-13,SG,46275,9.06,30627,6,0,0
2021-02-13,SH,8475,10.29,7720,9.37,1502,1.82
2021-02-13,SO,26850,9.75,21944,7.97,5545,2.01
2021-02-13,SZ,15800,9.85,8341,5.2,0,0
2021-02-13,TG,24525,8.77,15188,5.43,0,0
2021-02-13,TI,39200,11.15,29938,8.52,0,0
2021-02-13,UR,4925,13.42,3475,9.47,1148,3.13
2021-02-13,VD,66950,8.32,54917,6.82,8737,1.09
2021-02-13,VS,32925,9.53,19955,5.78,0,0
2021-02-13,ZG,11850,9.28,9341,7.32,1742,1.36
2021-02-13,ZH,125375,8.15,69141,4.49,0,0
2021-02-14,AG,61000,8.89,34163,4.98,5292,0.77
2021-02-14,AI,1875,11.63,1735,10.76,586,3.63
2021-02-14,AR,6095,10.99,3941,7.11,829,1.5
2021-02-14,BE,89400,8.6,51125,4.92,4566,0.44
2021-02-14,BL,31125,10.75,19721,6.81,7559,2.61
2021-02-14,BS,21325,10.89,19137,9.77,6912,3.53
2021-02-14,CH,778925,9.05,541886,6.3,101948,1.18
2021-02-14,CHFL,806025,9.32,543060,6.28,102278,1.18
2021-02-14,FL,3750,9.68,1174,3.03,330,0.85
2021-02-14,FR,27275,8.48,19352,6.01,3035,0.94
2021-02-14,GE,42600,8.45,31542,6.26,6879,1.36
2021-02-14,GL,4955,12.21,3313,8.16,828,2.04
2021-02-14,GR,20075,10.09,13282,6.67,4266,2.14
2021-02-14,JU,6700,9.11,4748,6.45,974,1.32
2021-02-14,LU,35125,8.5,25046,6.06,7123,1.72
2021-02-14,NE,18075,10.24,11656,6.6,877,0.5
2021-02-14,NW,6015,13.96,4926,11.43,1830,4.25
2021-02-14,OW,4135,10.9,3201,8.44,1015,2.68
2021-02-14,SG,46275,9.06,32231,6.31,1864,0.36
2021-02-14,SH,8475,10.29,7720,9.37,1502,1.82
2021-02-14,SO,26850,9.75,21944,7.97,5545,2.01
2021-02-14,SZ,15800,9.85,9616,5.99,2705,1.69
2021-02-14,TG,24525,8.77,16310,5.83,1741,0.62
2021-02-14,TI,39200,11.15,31184,8.87,8984,2.56
2021-02-14,UR,4925,13.42,3475,9.47,1148,3.13
2021-02-14,VD,66950,8.32,55294,6.87,9006,1.12
2021-02-14,VS,32925,9.53,21675,6.27,5715,1.65
2021-02-14,ZG,11850,9.28,9580,7.51,1973,1.55
2021-02-14,ZH,125375,8.15,85969,5.59,9194,0.6
2021-02-15,AG,61000,8.89,34163,4.98,5292,0.77
2021-02-15,AI,1875,11.63,1799,11.15,637,3.95
2021-02-15,AR,6095,10.99,4309,7.77,1176,2.12
2021-02-15,BE,89400,8.6,54889,5.28,6124,0.59
2021-02-15,BL,31125,10.75,19721,6.81,7559,2.61
2021-02-15,BS,21325,10.89,19137,9.77,6912,3.53
2021-02-15,CH,778925,9.05,553183,6.43,107633,1.25
2021-02-15,CHFL,806025,9.32,554432,6.41,108037,1.25
2021-02-15,FL,3750,9.68,1249,3.22,404,1.04
2021-02-15,FR,27275,8.48,20250,6.29,3453,1.07
2021-02-15,GE,42600,8.45,32891,6.52,7486,1.48
2021-02-15,GL,4955,12.21,3313,8.16,828,2.04
2021-02-15,GR,20075,10.09,13774,6.92,4268,2.14
2021-02-15,JU,6700,9.11,4748,6.45,974,1.32
2021-02-15,LU,35125,8.5,25046,6.06,7123,1.72
2021-02-15,NE,18075,10.24,11656,6.6,877,0.5
2021-02-15,NW,6015,13.96,4926,11.43,1830,4.25
2021-02-15,OW,4135,10.9,3201,8.44,1015,2.68
2021-02-15,SG,46275,9.06,32231,6.31,1864,0.36
2021-02-15,SH,8475,10.29,7858,9.54,1632,1.98
2021-02-15,SO,26850,9.75,23057,8.38,6370,2.31
2021-02-15,SZ,15800,9.85,9616,5.99,2705,1.69
2021-02-15,TG,24525,8.77,16310,5.83,1741,0.62
2021-02-15,TI,39200,11.15,31184,8.87,8984,2.56
2021-02-15,UR,4925,13.42,3599,9.81,1219,3.32
2021-02-15,VD,66950,8.32,58047,7.21,10453,1.3
2021-02-15,VS,32925,9.53,21675,6.27,5715,1.65
2021-02-15,ZG,11850,9.28,9814,7.69,2202,1.73
2021-02-15,ZH,125375,8.15,85969,5.59,9194,0.6
2021-02-16,AG,61000,8.89,34163,4.98,5292,0.77
2021-02-16,AI,1875,11.63,1931,11.97,767,4.76
2021-02-16,AR,6095,10.99,4511,8.14,1336,2.41
2021-02-16,BE,89400,8.6,59303,5.71,8073,0.78
2021-02-16,BL,31125,10.75,19721,6.81,7559,2.61
2021-02-16,BS,21325,10.89,19137,9.77,6912,3.53
2021-02-16,CH,778925,9.05,565856,6.58,114089,1.33
2021-02-16,CHFL,806025,9.32,567350,6.56,114537,1.32
2021-02-16,FL,3750,9.68,1494,3.86,448,1.16
2021-02-16,FR,27275,8.48,21175,6.58,3829,1.19
2021-02-16,GE,42600,8.45,34606,6.86,8396,1.67
2021-02-16,GL,4955,12.21,3313,8.16,828,2.04
2021-02-16,GR,20075,10.09,14440,7.26,4278,2.15
2021-02-16,JU,6700,9.11,4748,6.45,974,1.32
2021-02-16,LU,35125,8.5,25046,6.06,7123,1.72
2021-02-16,NE,18075,10.24,11656,6.6,877,0.5
2021-02-16,NW,6015,13.96,4926,11.43,1830,4.25
2021-02-16,OW,4135,10.9,3201,8.44,1015,2.68
2021-02-16,SG,46275,9.06,32231,6.31,1864,0.36
2021-02-16,SH,8475,10.29,8216,9.98,1980,2.4
2021-02-16,SO,26850,9.75,24054,8.74,7054,2.56
2021-02-16,SZ,15800,9.85,9616,5.99,2705,1.69
2021-02-16,TG,24525,8.77,16310,5.83,1741,0.62
2021-02-16,TI,39200,11.15,31184,8.87,8984,2.56
2021-02-16,UR,4925,13.42,3714,10.12,1265,3.45
2021-02-16,VD,66950,8.32,60683,7.54,11809,1.47
2021-02-16,VS,32925,9.53,21675,6.27,5715,1.65
2021-02-16,ZG,11850,9.28,10327,8.09,2689,2.11
2021-02-16,ZH,125375,8.15,85969,5.59,9194,0.6
2021-02-17,AG,67825,9.89,41131,6,8357,1.22
2021-02-17,AI,1875,11.63,2002,12.41,838,5.2
2021-02-17,AR,6095,10.99,4831,8.71,1574,2.84
2021-02-17,BE,103900,10,63180,6.08,9857,0.95
2021-02-17,BL,34050,11.76,22603,7.81,7898,2.73
2021-02-17,BS,21325,10.89,20623,10.53,8563,4.37
2021-02-17,CH,844150,9.81,611535,7.11,137156,1.59
2021-02-17,CHFL,884025,10.23,613230,7.09,137604,1.59
2021-02-17,FL,3750,9.68,1695,4.37,448,1.16
2021-02-17,FR,30200,9.39,22185,6.89,4375,1.36
2021-02-17,GE,46500,9.22,36466,7.23,9494,1.88
2021-02-17,GL,4955,12.21,3451,8.5,966,2.38
2021-02-17,GR,23000,11.56,14899,7.49,4278,2.15
2021-02-17,JU,6700,9.11,5554,7.55,1434,1.95
2021-02-17,LU,38050,9.21,26421,6.4,7985,1.93
2021-02-17,NE,19050,10.79,12868,7.29,1220,0.69
2021-02-17,NW,6015,13.96,5138,11.92,1830,4.25
2021-02-17,OW,4135,10.9,3436,9.06,1250,3.3
2021-02-17,SG,51150,10.01,34689,6.79,3318,0.65
2021-02-17,SH,9450,11.48,8489,10.31,2242,2.72
2021-02-17,SO,28800,10.46,24884,9.04,7761,2.82
2021-02-17,SZ,15800,9.85,10946,6.82,3095,1.93
2021-02-17,TG,27450,9.82,18277,6.54,2806,1
2021-02-17,TI,42150,11.99,31879,9.07,9250,2.63
2021-02-17,UR,4925,13.42,3787,10.32,1321,3.6
2021-02-17,VD,74750,9.28,63097,7.84,12927,1.61
2021-02-17,VS,36825,10.66,26145,7.57,8885,2.57
2021-02-17,ZG,13800,10.81,11055,8.66,3351,2.63
2021-02-17,ZH,125375,8.15,93499,6.07,12281,0.8
2021-02-18,AG,67825,9.89,41131,6,8357,1.22
2021-02-18,AI,1875,11.63,2075,12.87,908,5.63
2021-02-18,AR,6095,10.99,5142,9.27,1810,3.26
2021-02-18,BE,103900,10,67895,6.53,11859,1.14
2021-02-18,BL,34050,11.76,22603,7.81,7898,2.73
2021-02-18,BS,21325,10.89,20623,10.53,8563,4.37
2021-02-18,CH,844150,9.81,625298,7.27,144752,1.68
2021-02-18,CHFL,884025,10.23,627112,7.25,145200,1.68
2021-02-18,FL,3750,9.68,1814,4.68,448,1.16
2021-02-18,FR,30200,9.39,23219,7.22,4913,1.53
2021-02-18,GE,46500,9.22,38171,7.57,10410,2.06
2021-02-18,GL,4955,12.21,3451,8.5,966,2.38
2021-02-18,GR,23000,11.56,15527,7.8,4334,2.18
2021-02-18,JU,6700,9.11,5554,7.55,1434,1.95
2021-02-18,LU,38050,9.21,26421,6.4,7985,1.93
2021-02-18,NE,19050,10.79,12868,7.29,1220,0.69
2021-02-18,NW,6015,13.96,5138,11.92,1830,4.25
2021-02-18,OW,4135,10.9,3436,9.06,1250,3.3
2021-02-18,SG,51150,10.01,34689,6.79,3318,0.65
2021-02-18,SH,9450,11.48,9298,11.29,2999,3.64
2021-02-18,SO,28800,10.46,25991,9.44,8741,3.18
2021-02-18,SZ,15800,9.85,10946,6.82,3095,1.93
2021-02-18,TG,27450,9.82,18277,6.54,2806,1
2021-02-18,TI,42150,11.99,31879,9.07,9250,2.63
2021-02-18,UR,4925,13.42,3924,10.69,1385,3.77
2021-02-18,VD,74750,9.28,65544,8.14,14167,1.76
2021-02-18,VS,36825,10.66,26145,7.57,8885,2.57
2021-02-18,ZG,13800,10.81,11852,9.29,4088,3.2
2021-02-18,ZH,125375,8.15,93499,6.07,12281,0.8
2021-02-19,AG,67825,9.89,41131,6,8357,1.22
2021-02-19,AI,1875,11.63,2136,13.24,968,6
2021-02-19,AR,6095,10.99,5259,9.49,1915,3.45
2021-02-19,BE,103900,10,71801,6.91,14055,1.35
2021-02-19,BL,34050,11.76,22603,7.81,7898,2.73
2021-02-19,BS,21325,10.89,20623,10.53,8563,4.37
2021-02-19,CH,844150,9.81,636838,7.4,151807,1.76
2021-02-19,CHFL,884025,10.23,638652,7.39,152255,1.76
2021-02-19,FL,3750,9.68,1814,4.68,448,1.16
2021-02-19,FR,30200,9.39,24062,7.48,5304,1.65
2021-02-19,GE,46500,9.22,40143,7.96,11632,2.31
2021-02-19,GL,4955,12.21,3451,8.5,966,2.38
2021-02-19,GR,23000,11.56,16049,8.06,4342,2.18
2021-02-19,JU,6700,9.11,5554,7.55,1434,1.95
2021-02-19,LU,38050,9.21,26421,6.4,7985,1.93
2021-02-19,NE,19050,10.79,12868,7.29,1220,0.69
2021-02-19,NW,6015,13.96,5138,11.92,1830,4.25
2021-02-19,OW,4135,10.9,3436,9.06,1250,3.3
2021-02-19,SG,51150,10.01,34689,6.79,3318,0.65
2021-02-19,SH,9450,11.48,9568,11.62,3249,3.95
2021-02-19,SO,28800,10.46,26677,9.69,9415,3.42
2021-02-19,SZ,15800,9.85,10946,6.82,3095,1.93
2021-02-19,TG,27450,9.82,18277,6.54,2806,1
2021-02-19,TI,42150,11.99,31879,9.07,9250,2.63
2021-02-19,UR,4925,13.42,4077,11.11,1488,4.05
2021-02-19,VD,74750,9.28,67752,8.42,15453,1.92
2021-02-19,VS,36825,10.66,26145,7.57,8885,2.57
2021-02-19,ZG,13800,10.81,12654,9.91,4848,3.8
2021-02-19,ZH,125375,8.15,93499,6.07,12281,0.8
2021-02-20,AG,67825,9.89,41131,6,8357,1.22
2021-02-20,AI,1875,11.63,2136,13.24,968,6
2021-02-20,AR,6095,10.99,5259,9.49,1915,3.45
2021-02-20,BE,103900,10,71906,6.92,14094,1.36
2021-02-20,BL,34050,11.76,22603,7.81,7898,2.73
2021-02-20,BS,21325,10.89,20623,10.53,8563,4.37
2021-02-20,CH,844150,9.81,639471,7.43,153840,1.79
2021-02-20,CHFL,884025,10.23,641285,7.42,154288,1.78
2021-02-20,FL,3750,9.68,1814,4.68,448,1.16
2021-02-20,FR,30200,9.39,24785,7.7,5686,1.77
2021-02-20,GE,46500,9.22,40143,7.96,11632,2.31
2021-02-20,GL,4955,12.21,3451,8.5,966,2.38
2021-02-20,GR,23000,11.56,16049,8.06,4342,2.18
2021-02-20,JU,6700,9.11,5554,7.55,1434,1.95
2021-02-20,LU,38050,9.21,26421,6.4,7985,1.93
2021-02-20,NE,19050,10.79,12868,7.29,1220,0.69
2021-02-20,NW,6015,13.96,5138,11.92,1830,4.25
2021-02-20,OW,4135,10.9,3436,9.06,1250,3.3
2021-02-20,SG,51150,10.01,34689,6.79,3318,0.65
2021-02-20,SH,9450,11.48,9568,11.62,3249,3.95
2021-02-20,SO,28800,10.46,27619,10.03,10336,3.76
2021-02-20,SZ,15800,9.85,10946,6.82,3095,1.93
2021-02-20,TG,27450,9.82,18277,6.54,2806,1
2021-02-20,TI,42150,11.99,31879,9.07,9250,2.63
2021-02-20,UR,4925,13.42,4077,11.11,1488,4.05
2021-02-20,VD,74750,9.28,68049,8.45,15623,1.94
2021-02-20,VS,36825,10.66,26145,7.57,8885,2.57
2021-02-20,ZG,13800,10.81,13220,10.36,5369,4.21
2021-02-20,ZH,125375,8.15,93499,6.07,12281,0.8
2021-02-21,AG,67825,9.89,46551,6.79,11017,1.61
2021-02-21,AI,1875,11.63,2136,13.24,968,6
2021-02-21,AR,6095,10.99,5259,9.49,1915,3.45
2021-02-21,BE,116575,11.21,71936,6.92,14094,1.36
2021-02-21,BL,34050,11.76,24733,8.54,8041,2.78
2021-02-21,BS,21325,10.89,20753,10.6,8690,4.44
2021-02-21,CH,862675,10.02,673171,7.82,172825,2.01
2021-02-21,CHFL,884025,10.23,674985,7.81,173273,2
2021-02-21,FL,3750,9.68,1814,4.68,448,1.16
2021-02-21,FR,30200,9.39,25153,7.82,5735,1.78
2021-02-21,GE,46500,9.22,40143,7.96,11632,2.31
2021-02-21,GL,4955,12.21,3666,9.03,1181,2.91
2021-02-21,GR,23000,11.56,16049,8.06,4342,2.18
2021-02-21,JU,6700,9.11,6065,8.24,1791,2.43
2021-02-21,LU,38050,9.21,30305,7.34,10801,2.61
2021-02-21,NE,19050,10.79,13938,7.9,1722,0.98
2021-02-21,NW,6015,13.96,5138,11.92,2042,4.74
2021-02-21,OW,4135,10.9,3626,9.56,1440,3.8
2021-02-21,SG,51150,10.01,37230,7.29,4263,0.83
2021-02-21,SH,9450,11.48,9568,11.62,3249,3.95
2021-02-21,SO,28800,10.46,27619,10.03,10336,3.76
2021-02-21,SZ,15800,9.85,11876,7.4,3330,2.08
2021-02-21,TG,27450,9.82,21633,7.74,3805,1.36
2021-02-21,TI,42150,11.99,32775,9.32,9728,2.77
2021-02-21,UR,4925,13.42,4077,11.11,1488,4.05
2021-02-21,VD,74750,9.28,68170,8.47,15623,1.94
2021-02-21,VS,36825,10.66,28255,8.18,10165,2.94
2021-02-21,ZG,13800,10.81,13791,10.8,5901,4.62
2021-02-21,ZH,131225,8.53,102726,6.67,19526,1.27
2021-02-22,AG,67825,9.89,46551,6.79,11017,1.61
2021-02-22,AI,1875,11.63,2147,13.31,979,6.07
2021-02-22,AR,6095,10.99,5423,9.78,2062,3.72
2021-02-22,BE,116575,11.21,75059,7.22,16087,1.55
2021-02-22,BL,34050,11.76,24733,8.54,8041,2.78
2021-02-22,BS,21325,10.89,20753,10.6,8690,4.44
2021-02-22,CH,862675,10.02,682368,7.93,178893,2.08
2021-02-22,CHFL,884025,10.23,684384,7.92,179341,2.07
2021-02-22,FL,3750,9.68,2016,5.2,448,1.16
2021-02-22,FR,30200,9.39,26015,8.08,6117,1.9
2021-02-22,GE,46500,9.22,41845,8.3,12515,2.48
2021-02-22,GL,4955,12.21,3666,9.03,1181,2.91
2021-02-22,GR,23000,11.56,16590,8.34,4661,2.34
2021-02-22,JU,6700,9.11,6065,8.24,1791,2.43
2021-02-22,LU,38050,9.21,30305,7.34,10801,2.61
2021-02-22,NE,19050,10.79,13938,7.9,1722,0.98
2021-02-22,NW,6015,13.96,5138,11.92,2042,4.74
2021-02-22,OW,4135,10.9,3626,9.56,1440,3.8
2021-02-22,SG,51150,10.01,37230,7.29,4263,0.83
2021-02-22,SH,9450,11.48,9866,11.98,3539,4.3
2021-02-22,SO,28800,10.46,28096,10.21,10807,3.93
2021-02-22,SZ,15800,9.85,11876,7.4,3330,2.08
2021-02-22,TG,27450,9.82,21633,7.74,3805,1.36
2021-02-22,TI,42150,11.99,32775,9.32,9728,2.77
2021-02-22,UR,4925,13.42,4109,11.2,1489,4.06
2021-02-22,VD,74750,9.28,69867,8.68,16935,2.1
2021-02-22,VS,36825,10.66,28255,8.18,10165,2.94
2021-02-22,ZG,13800,10.81,14081,11.03,6160,4.83
2021-02-22,ZH,131225,8.53,102726,6.67,19526,1.27
2021-02-23,AG,67825,9.89,46551,6.79,11017,1.61
2021-02-23,AI,1875,11.63,2210,13.7,1010,6.26
2021-02-23,AR,6095,10.99,5622,10.14,2232,4.03
2021-02-23,BE,116575,11.21,78614,7.56,18242,1.75
2021-02-23,BL,34050,11.76,24733,8.54,8041,2.78
2021-02-23,BS,21325,10.89,20753,10.6,8690,4.44
2021-02-23,CH,862675,10.02,693767,8.06,185999,2.16
2021-02-23,CHFL,884025,10.23,695987,8.05,186447,2.16
2021-02-23,FL,3750,9.68,2220,5.73,448,1.16
2021-02-23,FR,30200,9.39,26848,8.34,6509,2.02
2021-02-23,GE,46500,9.22,43832,8.69,13535,2.68
2021-02-23,GL,4955,12.21,3666,9.03,1181,2.91
2021-02-23,GR,23000,11.56,17313,8.7,5077,2.55
2021-02-23,JU,6700,9.11,6065,8.24,1791,2.43
2021-02-23,LU,38050,9.21,30305,7.34,10801,2.61
2021-02-23,NE,19050,10.79,13938,7.9,1722,0.98
2021-02-23,NW,6015,13.96,5138,11.92,2042,4.74
2021-02-23,OW,4135,10.9,3626,9.56,1440,3.8
2021-02-23,SG,51150,10.01,37230,7.29,4263,0.83
2021-02-23,SH,9450,11.48,10040,12.19,3569,4.33
2021-02-23,SO,28800,10.46,28847,10.48,11298,4.1
2021-02-23,SZ,15800,9.85,11876,7.4,3330,2.08
2021-02-23,TG,27450,9.82,21633,7.74,3805,1.36
2021-02-23,TI,42150,11.99,32775,9.32,9728,2.77
2021-02-23,UR,4925,13.42,4186,11.41,1489,4.06
2021-02-23,VD,74750,9.28,72584,9.02,19078,2.37
2021-02-23,VS,36825,10.66,28255,8.18,10165,2.94
2021-02-23,ZG,13800,10.81,14401,11.28,6418,5.03
2021-02-23,ZH,131225,8.53,102726,6.67,19526,1.27
2021-02-24,AG,73675,10.74,54741,7.98,14963,2.18
2021-02-24,AI,1875,11.63,2232,13.84,1010,6.26
2021-02-24,AR,6095,10.99,5974,10.77,2463,4.44
2021-02-24,BE,116575,11.21,81858,7.87,20438,1.97
2021-02-24,BL,37950,13.11,27568,9.52,8586,2.97
2021-02-24,BS,24250,12.38,22748,11.62,9568,4.89
2021-02-24,CH,928625,10.79,747888,8.69,220479,2.56
2021-02-24,CHFL,975675,11.29,750108,8.68,220927,2.56
2021-02-24,FL,3750,9.68,2220,5.73,448,1.16
2021-02-24,FR,33125,10.29,27748,8.62,6958,2.16
2021-02-24,GE,50400,10,45837,9.09,14825,2.94
2021-02-24,GL,5930,14.61,4409,10.86,1924,4.74
2021-02-24,GR,24950,12.54,18134,9.11,5755,2.89
2021-02-24,JU,8875,12.06,6899,9.38,2072,2.82
2021-02-24,LU,42925,10.39,33792,8.18,13477,3.26
2021-02-24,NE,21000,11.9,15955,9.04,2572,1.46
2021-02-24,NW,6015,13.96,6108,14.18,3004,6.97
2021-02-24,OW,4135,10.9,4046,10.67,1860,4.9
2021-02-24,SG,57000,11.16,40214,7.87,6033,1.18
2021-02-24,SH,10425,12.66,10182,12.36,3570,4.34
2021-02-24,SO,33100,12.03,29820,10.83,12238,4.45
2021-02-24,SZ,16775,10.45,13009,8.11,3860,2.41
2021-02-24,TG,30375,10.87,23478,8.4,5097,1.82
2021-02-24,TI,46050,13.1,35508,10.1,12019,3.42
2021-02-24,UR,4925,13.42,4263,11.61,1566,4.27
2021-02-24,VD,82550,10.25,75290,9.35,21218,2.64
2021-02-24,VS,40725,11.79,32600,9.43,12660,3.66
2021-02-24,ZG,14775,11.58,14736,11.54,6650,5.21
2021-02-24,ZH,134150,8.72,110739,7.19,26093,1.7
2021-02-25,AG,73675,10.74,54741,7.98,14963,2.18
2021-02-25,AI,1875,11.63,2232,13.84,1010,6.26
2021-02-25,AR,6095,10.99,6015,10.85,2484,4.48
2021-02-25,BE,116575,11.21,84995,8.18,22589,2.17
2021-02-25,BL,37950,13.11,27568,9.52,8586,2.97
2021-02-25,BS,24250,12.38,22748,11.62,9568,4.89
2021-02-25,CH,928625,10.79,758476,8.81,227716,2.65
2021-02-25,CHFL,975675,11.29,760885,8.8,228346,2.64
2021-02-25,FL,3750,9.68,2409,6.22,630,1.63
2021-02-25,FR,33125,10.29,28625,8.9,7380,2.29
2021-02-25,GE,50400,10,48130,9.55,16149,3.2
2021-02-25,GL,5930,14.61,4409,10.86,1924,4.74
2021-02-25,GR,24950,12.54,18898,9.5,6424,3.23
2021-02-25,JU,8875,12.06,6899,9.38,2072,2.82
2021-02-25,LU,42925,10.39,33792,8.18,13477,3.26
2021-02-25,NE,21000,11.9,15955,9.04,2572,1.46
2021-02-25,NW,6015,13.96,6108,14.18,3004,6.97
2021-02-25,OW,4135,10.9,4046,10.67,1860,4.9
2021-02-25,SG,57000,11.16,40214,7.87,6033,1.18
2021-02-25,SH,10425,12.66,10331,12.55,3571,4.34
2021-02-25,SO,33100,12.03,30271,11,12621,4.59
2021-02-25,SZ,16775,10.45,13009,8.11,3860,2.41
2021-02-25,TG,30375,10.87,23478,8.4,5097,1.82
2021-02-25,TI,46050,13.1,35508,10.1,12019,3.42
2021-02-25,UR,4925,13.42,4464,12.16,1763,4.8
2021-02-25,VD,82550,10.25,77615,9.64,23000,2.86
2021-02-25,VS,40725,11.79,32600,9.43,12660,3.66
2021-02-25,ZG,14775,11.58,15086,11.82,6937,5.43
2021-02-25,ZH,134150,8.72,110739,7.19,26093,1.7
2021-02-26,AG,73675,10.74,54741,7.98,14963,2.18
2021-02-26,AI,1875,11.63,2243,13.91,1021,6.33
2021-02-26,AR,6095,10.99,6057,10.92,2523,4.55
2021-02-26,BE,116575,11.21,87805,8.45,24688,2.38
2021-02-26,BL,37950,13.11,27568,9.52,8586,2.97
2021-02-26,BS,24250,12.38,22748,11.62,9568,4.89
2021-02-26,CH,928625,10.79,768029,8.92,234082,2.72
2021-02-26,CHFL,975675,11.29,770628,8.91,234902,2.72
2021-02-26,FL,3750,9.68,2599,6.71,820,2.12
2021-02-26,FR,33125,10.29,29440,9.15,7751,2.41
2021-02-26,GE,50400,10,50301,9.98,17271,3.43
2021-02-26,GL,5930,14.61,4409,10.86,1924,4.74
2021-02-26,GR,24950,12.54,19446,9.77,6833,3.43
2021-02-26,JU,8875,12.06,6899,9.38,2072,2.82
2021-02-26,LU,42925,10.39,33792,8.18,13477,3.26
2021-02-26,NE,21000,11.9,15955,9.04,2572,1.46
2021-02-26,NW,6015,13.96,6108,14.18,3004,6.97
2021-02-26,OW,4135,10.9,4046,10.67,1860,4.9
2021-02-26,SG,57000,11.16,40214,7.87,6033,1.18
2021-02-26,SH,10425,12.66,10474,12.72,3572,4.34
2021-02-26,SO,33100,12.03,30779,11.18,13045,4.74
2021-02-26,SZ,16775,10.45,13009,8.11,3860,2.41
2021-02-26,TG,30375,10.87,23478,8.4,5097,1.82
2021-02-26,TI,46050,13.1,35508,10.1,12019,3.42
2021-02-26,UR,4925,13.42,4545,12.38,1841,5.02
2021-02-26,VD,82550,10.25,79814,9.91,24803,3.08
2021-02-26,VS,40725,11.79,32600,9.43,12660,3.66
2021-02-26,ZG,14775,11.58,15311,12,6946,5.44
2021-02-26,ZH,134150,8.72,110739,7.19,26093,1.7
2021-02-27,AG,73675,10.74,54741,7.98,14963,2.18
2021-02-27,AI,1875,11.63,2243,13.91,1021,6.33
2021-02-27,AR,6095,10.99,6057,10.92,2523,4.55
2021-02-27,BE,116575,11.21,87879,8.45,24715,2.38
2021-02-27,BL,37950,13.11,27568,9.52,8586,2.97
2021-02-27,BS,24250,12.38,22748,11.62,9568,4.89
2021-02-27,CH,928625,10.79,769665,8.94,234992,2.73
2021-02-27,CHFL,975675,11.29,772264,8.93,235812,2.73
2021-02-27,FL,3750,9.68,2599,6.71,820,2.12
2021-02-27,FR,33125,10.29,30245,9.4,8111,2.52
2021-02-27,GE,50400,10,50301,9.98,17271,3.43
2021-02-27,GL,5930,14.61,4409,10.86,1924,4.74
2021-02-27,GR,24950,12.54,19446,9.77,6833,3.43
2021-02-27,JU,8875,12.06,6899,9.38,2072,2.82
2021-02-27,LU,42925,10.39,33792,8.18,13477,3.26
2021-02-27,NE,21000,11.9,15955,9.04,2572,1.46
2021-02-27,NW,6015,13.96,6108,14.18,3004,6.97
2021-02-27,OW,4135,10.9,4046,10.67,1860,4.9
2021-02-27,SG,57000,11.16,40214,7.87,6033,1.18
2021-02-27,SH,10425,12.66,10474,12.72,3572,4.34
2021-02-27,SO,33100,12.03,31145,11.32,13391,4.87
2021-02-27,SZ,16775,10.45,13009,8.11,3860,2.41
2021-02-27,TG,30375,10.87,23478,8.4,5097,1.82
2021-02-27,TI,46050,13.1,35508,10.1,12019,3.42
2021-02-27,UR,4925,13.42,4545,12.38,1841,5.02
2021-02-27,VD,82550,10.25,79990,9.94,24979,3.1
2021-02-27,VS,40725,11.79,32600,9.43,12660,3.66
2021-02-27,ZG,14775,11.58,15526,12.16,6947,5.44
2021-02-27,ZH,134150,8.72,110739,7.19,26093,1.7
2021-02-28,AG,73675,10.74,61653,8.99,17477,2.55
2021-02-28,AI,1875,11.63,2243,13.91,1021,6.33
2021-02-28,AR,6095,10.99,6057,10.92,2523,4.55
2021-02-28,BE,116575,11.21,87879,8.45,24715,2.38
2021-02-28,BL,37950,13.11,29417,10.16,9425,3.26
2021-02-28,BS,28750,14.68,22946,11.72,9756,4.98
2021-02-28,CH,967300,11.24,805725,9.36,259150,3.01
2021-02-28,CHFL,1164075,13.47,808324,9.35,259970,3.01
2021-02-28,FL,4550,11.74,2599,6.71,820,2.12
2021-02-28,FR,39425,12.25,31057,9.65,8487,2.64
2021-02-28,GE,60300,11.96,50301,9.98,17271,3.43
2021-02-28,GL,5930,14.61,4783,11.78,2298,5.66
2021-02-28,GR,24950,12.54,19446,9.77,6833,3.43
2021-02-28,JU,8875,12.06,7590,10.31,2433,3.31
2021-02-28,LU,42925,10.39,36518,8.84,15911,3.85
2021-02-28,NE,21000,11.9,17395,9.86,3127,1.77
2021-02-28,NW,6015,13.96,6200,14.39,3096,7.19
2021-02-28,OW,4135,10.9,4046,10.67,1860,4.9
2021-02-28,SG,57000,11.16,43846,8.58,8591,1.68
2021-02-28,SH,12425,15.09,10474,12.72,3572,4.34
2021-02-28,SO,33100,12.03,31145,11.32,13391,4.87
2021-02-28,SZ,16775,10.45,13744,8.56,4200,2.62
2021-02-28,TG,36275,12.98,25976,9.29,7305,2.61
2021-02-28,TI,46050,13.1,37331,10.62,13892,3.95
2021-02-28,UR,4925,13.42,4545,12.38,1841,5.02
2021-02-28,VD,91650,11.38,80188,9.96,25172,3.13
2021-02-28,VS,40725,11.79,33875,9.8,13115,3.8
2021-02-28,ZG,14775,11.58,15646,12.26,6952,5.45
2021-02-28,ZH,135125,8.78,121424,7.89,34886,2.27
2021-03-01,AG,73675,10.74,61653,8.99,17477,2.55
2021-03-01,AI,1875,11.63,2243,13.91,1021,6.33
2021-03-01,AR,6095,10.99,6261,11.29,2679,4.83
2021-03-01,BE,116575,11.21,91014,8.76,27062,2.6
2021-03-01,BL,37950,13.11,29417,10.16,9425,3.26
2021-03-01,BS,28750,14.68,22946,11.72,9756,4.98
2021-03-01,CH,967300,11.24,816594,9.49,264297,3.07
2021-03-01,CHFL,1164075,13.47,819193,9.48,265117,3.07
2021-03-01,FL,4550,11.74,2599,6.71,820,2.12
2021-03-01,FR,39425,12.25,32088,9.97,9047,2.81
2021-03-01,GE,60300,11.96,52295,10.37,17749,3.52
2021-03-01,GL,5930,14.61,4783,11.78,2298,5.66
2021-03-01,GR,24950,12.54,20326,10.21,6995,3.51
2021-03-01,JU,8875,12.06,7590,10.31,2433,3.31
2021-03-01,LU,42925,10.39,36518,8.84,15911,3.85
2021-03-01,NE,21000,11.9,17395,9.86,3127,1.77
2021-03-01,NW,6015,13.96,6200,14.39,3096,7.19
2021-03-01,OW,4135,10.9,4046,10.67,1860,4.9
2021-03-01,SG,57000,11.16,43846,8.58,8591,1.68
2021-03-01,SH,12425,15.09,10822,13.14,3709,4.5
2021-03-01,SO,33100,12.03,31669,11.51,13536,4.92
2021-03-01,SZ,16775,10.45,13744,8.56,4200,2.62
2021-03-01,TG,36275,12.98,25976,9.29,7305,2.61
2021-03-01,TI,46050,13.1,37331,10.62,13892,3.95
2021-03-01,UR,4925,13.42,4684,12.76,1897,5.17
2021-03-01,VD,91650,11.38,82694,10.27,26271,3.26
2021-03-01,VS,40725,11.79,33875,9.8,13115,3.8
2021-03-01,ZG,14775,11.58,15754,12.34,6959,5.45
2021-03-01,ZH,135125,8.78,121424,7.89,34886,2.27
2021-03-02,AG,73675,10.74,61653,8.99,17477,2.55
2021-03-02,AI,1875,11.63,2243,13.91,1021,6.33
2021-03-02,AR,6095,10.99,6469,11.67,2797,5.04
2021-03-02,BE,116575,11.21,94366,9.08,29561,2.84
2021-03-02,BL,37950,13.11,29417,10.16,9425,3.26
2021-03-02,BS,28750,14.68,22946,11.72,9756,4.98
2021-03-02,CH,967300,11.24,827871,9.62,269423,3.13
2021-03-02,CHFL,1164075,13.47,830470,9.61,270243,3.13
2021-03-02,FL,4550,11.74,2599,6.71,820,2.12
2021-03-02,FR,39425,12.25,33222,10.32,9588,2.98
2021-03-02,GE,60300,11.96,54379,10.79,18279,3.63
2021-03-02,GL,5930,14.61,4783,11.78,2298,5.66
2021-03-02,GR,24950,12.54,20853,10.48,7083,3.56
2021-03-02,JU,8875,12.06,7590,10.31,2433,3.31
2021-03-02,LU,42925,10.39,36518,8.84,15911,3.85
2021-03-02,NE,21000,11.9,17395,9.86,3127,1.77
2021-03-02,NW,6015,13.96,6200,14.39,3096,7.19
2021-03-02,OW,4135,10.9,4046,10.67,1860,4.9
2021-03-02,SG,57000,11.16,43846,8.58,8591,1.68
2021-03-02,SH,12425,15.09,11423,13.87,4089,4.97
2021-03-02,SO,33100,12.03,32549,11.83,13659,4.96
2021-03-02,SZ,16775,10.45,13744,8.56,4200,2.62
2021-03-02,TG,36275,12.98,25976,9.29,7305,2.61
2021-03-02,TI,46050,13.1,37331,10.62,13892,3.95
2021-03-02,UR,4925,13.42,4852,13.22,1922,5.24
2021-03-02,VD,91650,11.38,84864,10.54,27086,3.36
2021-03-02,VS,40725,11.79,33875,9.8,13115,3.8
2021-03-02,ZG,14775,11.58,15907,12.46,6966,5.46
2021-03-02,ZH,135125,8.78,121424,7.89,34886,2.27
2021-03-03,AG,80375,11.72,69432,10.12,20878,3.04
2021-03-03,AI,2275,14.11,2297,14.24,1022,6.34
2021-03-03,AR,9145,16.49,6653,12,2942,5.31
2021-03-03,BE,136575,13.14,97517,9.38,31812,3.06
2021-03-03,BL,49925,17.25,32146,11.11,10000,3.45
2021-03-03,BS,31675,16.17,25167,12.85,10682,5.45
2021-03-03,CH,1184775,13.77,882579,10.26,299870,3.48
2021-03-03,CHFL,1307400,15.12,885300,10.24,300690,3.48
2021-03-03,FL,5525,14.26,2721,7.02,820,2.12
2021-03-03,FR,44300,13.77,34285,10.65,10112,3.14
2021-03-03,GE,68100,13.51,56499,11.21,18774,3.72
2021-03-03,GL,5930,14.61,4783,11.78,2298,5.66
2021-03-03,GR,33650,16.91,21758,10.93,7282,3.66
2021-03-03,JU,10575,14.37,8286,11.26,2722,3.7
2021-03-03,LU,60575,14.66,39994,9.68,18741,4.54
2021-03-03,NE,27925,15.82,19061,10.8,4242,2.4
2021-03-03,NW,6215,14.42,6350,14.74,3096,7.19
2021-03-03,OW,5810,15.32,4451,11.73,2045,5.39
2021-03-03,SG,75800,14.84,48322,9.46,12175,2.38
2021-03-03,SH,14375,17.46,11873,14.42,4349,5.28
2021-03-03,SO,37100,13.48,33383,12.13,13804,5.02
2021-03-03,SZ,20175,12.57,15146,9.44,4742,2.95
2021-03-03,TG,41150,14.72,28009,10.02,9107,3.26
2021-03-03,TI,61775,17.58,39957,11.37,15998,4.55
2021-03-03,UR,6700,18.25,4925,13.42,1922,5.24
2021-03-03,VD,106450,13.22,86902,10.79,27652,3.43
2021-03-03,VS,54375,15.74,38770,11.22,14245,4.12
2021-03-03,ZG,18325,14.36,16171,12.67,6981,5.47
2021-03-03,ZH,175500,11.4,130442,8.47,42247,2.74
2021-03-04,AG,80375,11.72,69432,10.12,20878,3.04
2021-03-04,AI,2275,14.11,2318,14.37,1022,6.34
2021-03-04,AR,9145,16.49,6653,12,2942,5.31
2021-03-04,BE,136575,13.14,100873,9.7,33894,3.26
2021-03-04,BL,49925,17.25,32146,11.11,10000,3.45
2021-03-04,BS,31675,16.17,25167,12.85,10682,5.45
2021-03-04,CH,1184775,13.77,895038,10.4,305209,3.55
2021-03-04,CHFL,1307400,15.12,897955,10.39,306029,3.54
2021-03-04,FL,5525,14.26,2917,7.53,820,2.12
2021-03-04,FR,44300,13.77,35426,11.01,10599,3.29
2021-03-04,GE,68100,13.51,58864,11.68,19518,3.87
2021-03-04,GL,5930,14.61,4783,11.78,2298,5.66
2021-03-04,GR,33650,16.91,22442,11.28,7341,3.69
2021-03-04,JU,10575,14.37,8286,11.26,2722,3.7
2021-03-04,LU,60575,14.66,39994,9.68,18741,4.54
2021-03-04,NE,27925,15.82,19061,10.8,4242,2.4
2021-03-04,NW,6215,14.42,6350,14.74,3096,7.19
2021-03-04,OW,5810,15.32,4451,11.73,2045,5.39
2021-03-04,SG,75800,14.84,48322,9.46,12175,2.38
2021-03-04,SH,14375,17.46,12362,15.01,4628,5.62
2021-03-04,SO,37100,13.48,34230,12.44,13950,5.07
2021-03-04,SZ,20175,12.57,15146,9.44,4742,2.95
2021-03-04,TG,41150,14.72,28009,10.02,9107,3.26
2021-03-04,TI,61775,17.58,39957,11.37,15998,4.55
2021-03-04,UR,6700,18.25,5256,14.32,2028,5.53
2021-03-04,VD,106450,13.22,89637,11.13,28892,3.59
2021-03-04,VS,54375,15.74,38770,11.22,14245,4.12
2021-03-04,ZG,18325,14.36,16661,13.05,7177,5.62
2021-03-04,ZH,175500,11.4,130442,8.47,42247,2.74
2021-03-05,AG,80375,11.72,69432,10.12,20878,3.04
2021-03-05,AI,2275,14.11,2318,14.37,1022,6.34
2021-03-05,AR,9145,16.49,6653,12,2942,5.31
2021-03-05,BE,136575,13.14,103918,10,35778,3.44
2021-03-05,BL,49925,17.25,32146,11.11,10000,3.45
2021-03-05,BS,31675,16.17,25167,12.85,10682,5.45
2021-03-05,CH,1184775,13.77,904983,10.52,309120,3.59
2021-03-05,CHFL,1307400,15.12,908109,10.5,309940,3.59
2021-03-05,FL,5525,14.26,3126,8.07,820,2.12
2021-03-05,FR,44300,13.77,36377,11.3,10959,3.41
2021-03-05,GE,68100,13.51,60906,12.08,20180,4
2021-03-05,GL,5930,14.61,4783,11.78,2298,5.66
2021-03-05,GR,33650,16.91,23146,11.63,7468,3.75
2021-03-05,JU,10575,14.37,8286,11.26,2722,3.7
2021-03-05,LU,60575,14.66,39994,9.68,18741,4.54
2021-03-05,NE,27925,15.82,19061,10.8,4242,2.4
2021-03-05,NW,6215,14.42,6350,14.74,3096,7.19
2021-03-05,OW,5810,15.32,4451,11.73,2045,5.39
2021-03-05,SG,75800,14.84,48322,9.46,12175,2.38
2021-03-05,SH,14375,17.46,12716,15.44,4952,6.01
2021-03-05,SO,37100,13.48,34862,12.67,14048,5.1
2021-03-05,SZ,20175,12.57,15146,9.44,4742,2.95
2021-03-05,TG,41150,14.72,28009,10.02,9107,3.26
2021-03-05,TI,61775,17.58,39957,11.37,15998,4.55
2021-03-05,UR,6700,18.25,5349,14.57,2096,5.71
2021-03-05,VD,106450,13.22,91442,11.36,29198,3.63
2021-03-05,VS,54375,15.74,38770,11.22,14245,4.12
2021-03-05,ZG,18325,14.36,16980,13.3,7259,5.69
2021-03-05,ZH,175500,11.4,130442,8.47,42247,2.74
2021-03-06,AG,80375,11.72,69432,10.12,20878,3.04
2021-03-06,AI,2275,14.11,2318,14.37,1022,6.34
2021-03-06,AR,9145,16.49,6653,12,2942,5.31
2021-03-06,BE,136575,13.14,103997,10,35813,3.45
2021-03-06,BL,49925,17.25,32146,11.11,10000,3.45
2021-03-06,BS,31675,16.17,25167,12.85,10682,5.45
2021-03-06,CH,1184775,13.77,906578,10.53,309609,3.6
2021-03-06,CHFL,1307400,15.12,909704,10.52,310429,3.59
2021-03-06,FL,5525,14.26,3126,8.07,820,2.12
2021-03-06,FR,44300,13.77,37198,11.56,11303,3.51
2021-03-06,GE,68100,13.51,60906,12.08,20180,4
2021-03-06,GL,5930,14.61,4783,11.78,2298,5.66
2021-03-06,GR,33650,16.91,23201,11.66,7468,3.75
2021-03-06,JU,10575,14.37,8286,11.26,2722,3.7
2021-03-06,LU,60575,14.66,39994,9.68,18741,4.54
2021-03-06,NE,27925,15.82,19061,10.8,4242,2.4
2021-03-06,NW,6215,14.42,6350,14.74,3096,7.19
2021-03-06,OW,5810,15.32,4451,11.73,2045,5.39
2021-03-06,SG,75800,14.84,48322,9.46,12175,2.38
2021-03-06,SH,14375,17.46,12716,15.44,4952,6.01
2021-03-06,SO,37100,13.48,35077,12.74,14102,5.12
2021-03-06,SZ,20175,12.57,15146,9.44,4742,2.95
2021-03-06,TG,41150,14.72,28009,10.02,9107,3.26
2021-03-06,TI,61775,17.58,39957,11.37,15998,4.55
2021-03-06,UR,6700,18.25,5349,14.57,2096,5.71
2021-03-06,VD,106450,13.22,91627,11.38,29243,3.63
2021-03-06,VS,54375,15.74,38770,11.22,14245,4.12
2021-03-06,ZG,18325,14.36,17220,13.49,7270,5.7
2021-03-06,ZH,175500,11.4,130442,8.47,42247,2.74
2021-03-07,AG,87675,12.78,75204,10.97,23406,3.41
2021-03-07,AI,2275,14.11,2318,14.37,1022,6.34
2021-03-07,AR,9145,16.49,6653,12,2942,5.31
2021-03-07,BE,136575,13.14,103997,10,35813,3.45
2021-03-07,BL,49925,17.25,33722,11.65,10321,3.57
2021-03-07,BS,31675,16.17,25848,13.2,10683,5.45
2021-03-07,CH,1212675,14.09,948826,11.03,331780,3.86
2021-03-07,CHFL,1307400,15.12,951952,11.01,332600,3.85
2021-03-07,FL,5525,14.26,3126,8.07,820,2.12
2021-03-07,FR,44300,13.77,37964,11.8,11621,3.61
2021-03-07,GE,68100,13.51,60906,12.08,20180,4
2021-03-07,GL,5930,14.61,5471,13.48,2452,6.04
2021-03-07,GR,33650,16.91,23201,11.66,7468,3.75
2021-03-07,JU,10575,14.37,8829,12,2855,3.88
2021-03-07,LU,60575,14.66,44307,10.72,18762,4.54
2021-03-07,NE,27925,15.82,20917,11.85,5507,3.12
2021-03-07,NW,7190,16.69,6450,14.97,3096,7.19
2021-03-07,OW,5810,15.32,4661,12.29,2045,5.39
2021-03-07,SG,75800,14.84,53456,10.47,15145,2.97
2021-03-07,SH,14375,17.46,12716,15.44,4952,6.01
2021-03-07,SO,42100,15.3,35077,12.74,14102,5.12
2021-03-07,SZ,20175,12.57,16377,10.21,5378,3.35
2021-03-07,TG,41150,14.72,30008,10.73,10831,3.87
2021-03-07,TI,61775,17.58,44274,12.6,19162,5.45
2021-03-07,UR,6700,18.25,5349,14.57,2096,5.71
2021-03-07,VD,111325,13.83,91627,11.38,29243,3.63
2021-03-07,VS,54375,15.74,40325,11.67,14560,4.21
2021-03-07,ZG,18325,14.36,17462,13.68,7321,5.74
2021-03-07,ZH,185250,12.03,141707,9.21,50817,3.3
2021-03-08,AG,0,0,75204,10.97,23406,3.41
2021-03-08,AI,0,0,2328,14.43,1022,6.34
2021-03-08,AR,0,0,6841,12.34,2967,5.35
2021-03-08,BE,0,0,107441,10.34,37321,3.59
2021-03-08,BL,0,0,33722,11.65,10321,3.57
2021-03-08,BS,0,0,25848,13.2,10683,5.45
2021-03-08,CH,0,0,958623,11.14,335580,3.9
2021-03-08,CHFL,0,0,961749,11.13,336400,3.89
2021-03-08,FL,0,0,3126,8.07,820,2.12
2021-03-08,FR,0,0,38357,11.92,11877,3.69
2021-03-08,GE,0,0,63008,12.5,21181,4.2
2021-03-08,GL,0,0,5471,13.48,2452,6.04
2021-03-08,GR,0,0,24125,12.12,7735,3.89
2021-03-08,JU,0,0,8829,12,2855,3.88
2021-03-08,LU,0,0,44307,10.72,18762,4.54
2021-03-08,NE,0,0,20917,11.85,5507,3.12
2021-03-08,NW,0,0,6450,14.97,3096,7.19
2021-03-08,OW,0,0,4661,12.29,2045,5.39
2021-03-08,SG,0,0,53456,10.47,15145,2.97
2021-03-08,SH,0,0,12884,15.65,5105,6.2
2021-03-08,SO,0,0,35797,13.01,14445,5.25
2021-03-08,SZ,0,0,16377,10.21,5378,3.35
2021-03-08,TG,0,0,30008,10.73,10831,3.87
2021-03-08,TI,0,0,44274,12.6,19162,5.45
2021-03-08,UR,0,0,5480,14.93,2157,5.88
2021-03-08,VD,0,0,93312,11.59,29429,3.66
2021-03-08,VS,0,0,40325,11.67,14560,4.21
2021-03-08,ZG,0,0,17494,13.71,7321,5.74
2021-03-08,ZH,0,0,141707,9.21,50817,3.3
2021-03-09,AG,0,0,75204,10.97,23406,3.41
2021-03-09,AI,0,0,2371,14.7,1065,6.6
2021-03-09,AR,0,0,7031,12.68,2978,5.37
2021-03-09,BE,0,0,111650,10.74,39102,3.76
2021-03-09,BL,0,0,33722,11.65,10321,3.57
2021-03-09,BS,0,0,25848,13.2,10683,5.45
2021-03-09,CH,0,0,969730,11.27,339803,3.95
2021-03-09,CHFL,0,0,973066,11.26,340624,3.94
2021-03-09,FL,0,0,3336,8.61,821,2.12
2021-03-09,FR,0,0,38990,12.12,11990,3.73
2021-03-09,GE,0,0,64919,12.88,22044,4.37
2021-03-09,GL,0,0,5471,13.48,2452,6.04
2021-03-09,GR,0,0,25050,12.59,8161,4.1
2021-03-09,JU,0,0,8829,12,2855,3.88
2021-03-09,LU,0,0,44307,10.72,18762,4.54
2021-03-09,NE,0,0,20917,11.85,5507,3.12
2021-03-09,NW,0,0,6450,14.97,3096,7.19
2021-03-09,OW,0,0,4661,12.29,2045,5.39
2021-03-09,SG,0,0,53456,10.47,15145,2.97
2021-03-09,SH,0,0,13038,15.83,5229,6.35
2021-03-09,SO,0,0,36456,13.24,14731,5.35
2021-03-09,SZ,0,0,16377,10.21,5378,3.35
2021-03-09,TG,0,0,30008,10.73,10831,3.87
2021-03-09,TI,0,0,44274,12.6,19162,5.45
2021-03-09,UR,0,0,5627,15.33,2228,6.07
2021-03-09,VD,0,0,95386,11.85,29934,3.72
2021-03-09,VS,0,0,40325,11.67,14560,4.21
2021-03-09,ZG,0,0,17656,13.83,7321,5.74
2021-03-09,ZH,0,0,141707,9.21,50817,3.3
2021-03-10,AG,0,0,80458,11.73,25203,3.67
2021-03-10,AI,0,0,2403,14.9,1097,6.8
2021-03-10,AR,0,0,7031,12.68,2978,5.37
2021-03-10,BE,0,0,116006,11.16,40804,3.93
2021-03-10,BL,0,0,36093,12.47,10718,3.7
2021-03-10,BS,0,0,27258,13.92,11705,5.98
2021-03-10,CH,0,0,1035004,12.03,368454,4.28
2021-03-10,CHFL,0,0,1038540,12.01,369275,4.27
2021-03-10,FL,0,0,3536,9.13,821,2.12
2021-03-10,FR,0,0,39453,12.26,12102,3.76
2021-03-10,GE,0,0,66946,13.28,22841,4.53
2021-03-10,GL,0,0,5655,13.93,2452,6.04
2021-03-10,GR,0,0,25887,13.01,8362,4.2
2021-03-10,JU,0,0,9505,12.92,3130,4.25
2021-03-10,LU,0,0,47131,11.41,18992,4.6
2021-03-10,NE,0,0,23694,13.42,7649,4.33
2021-03-10,NW,0,0,6592,15.3,3146,7.3
2021-03-10,OW,0,0,4971,13.11,2045,5.39
2021-03-10,SG,0,0,65700,12.86,22262,4.36
2021-03-10,SH,0,0,13137,15.95,5318,6.46
2021-03-10,SO,0,0,37105,13.48,15002,5.45
2021-03-10,SZ,0,0,18482,11.52,6089,3.79
2021-03-10,TG,0,0,32057,11.47,12396,4.43
2021-03-10,TI,0,0,48259,13.73,21757,6.19
2021-03-10,UR,0,0,5716,15.57,2279,6.21
2021-03-10,VD,0,0,97481,12.11,30449,3.78
2021-03-10,VS,0,0,44515,12.88,16285,4.71
2021-03-10,ZG,0,0,17760,13.91,7321,5.74
2021-03-10,ZH,0,0,155709,10.12,56072,3.64
